timestamp,price,pnl,long_positions,short_positions
2025-11-01 00:00:00,109537.24,0.0,0,0
2025-11-01 00:30:00,109730.78,0.0,0,0
2025-11-01 01:00:00,109928.04,0.0,0,0
2025-11-01 01:30:00,109734.11,-0.19392999999999302,1,0
2025-11-01 02:00:00,109651.53,-0.27650999999999476,1,0
2025-11-01 02:30:00,109790.27,-0.1377699999999895,1,0
2025-11-01 03:00:00,110034.09,0.1060500000000029,1,0
2025-11-01 03:30:00,110226.37,0.4906100000000006,2,0
2025-11-01 04:00:00,110291.54,0.7187049999999944,3,0
2025-11-01 04:30:00,110291.67,0.7191600000000109,3,0
2025-11-01 05:00:00,110145.33,0.20697000000002297,3,0
2025-11-01 05:30:00,110140.79,0.19107999999999445,3,0
2025-11-01 06:00:00,110017.27,-0.24123999999996884,3,0
2025-11-01 06:30:00,110004.82,-0.2848149999999587,3,0
2025-11-01 07:00:00,110175.03,0.3109200000000128,3,0
2025-11-01 07:30:00,110071.4,-0.05178500000000347,3,0
2025-11-01 08:00:00,110188.89,0.35943000000001485,3,0
2025-11-01 08:30:00,110248.88,0.5693950000000331,3,0
2025-11-01 09:00:00,110182.45,0.3368900000000067,3,0
2025-11-01 09:30:00,109991.29,-0.33217000000000557,3,0
2025-11-01 10:00:00,110007.92,-0.27396499999998924,3,0
2025-11-01 10:30:00,110147.83,0.21572000000002298,3,0
2025-11-01 11:00:00,110052.24,-0.11884499999996481,3,0
2025-11-01 11:30:00,110137.59,0.17988000000000468,3,0
2025-11-01 12:00:00,110078.89,-0.02556999999998516,3,0
2025-11-01 12:30:00,110017.27,-0.24123999999996884,3,0
2025-11-01 13:00:00,110008.01,-0.27365000000000145,3,0
2025-11-01 13:30:00,109946.27,-0.48973999999996887,3,0
2025-11-01 14:00:00,109888.83,-0.690779999999977,3,0
2025-11-01 14:30:00,109933.85,-0.5332099999999628,3,0
2025-11-01 15:00:00,110060.0,-0.09168499999998314,3,0
2025-11-01 15:30:00,110310.65,0.7855899999999965,3,0
2025-11-01 16:00:00,110208.5,0.4280650000000169,3,0
2025-11-01 16:30:00,110464.33,1.323470000000023,3,0
2025-11-01 17:00:00,110208.74,-0.15895199999995674,4,0
2025-11-01 17:30:00,110208.97,-0.15761799999998027,4,0
2025-11-01 18:00:00,110260.09,0.13887799999999262,4,0
2025-11-01 18:30:00,110341.27,0.6097220000000365,4,0
2025-11-01 19:00:00,110274.34,0.22152799999999262,4,0
2025-11-01 19:30:00,110299.99,0.3702980000000434,4,0
2025-11-01 20:00:00,110445.73,1.2155899999999893,4,0
2025-11-01 20:30:00,110406.2,0.986315999999996,4,0
2025-11-01 21:00:00,110351.91,0.6714340000000331,4,0
2025-11-01 21:30:00,109862.85,-2.1651139999999534,4,0
2025-11-01 22:00:00,109998.04,-1.381012000000024,4,0
2025-11-01 22:30:00,110092.78,-0.8315199999999938,4,0
2025-11-01 23:00:00,110086.01,-0.8707860000000175,4,0
2025-11-01 23:30:00,110098.1,-0.8006639999999534,4,0
2025-11-02 00:00:00,110030.64,-1.1919319999999904,4,0
2025-11-02 00:30:00,109974.09,-1.5199220000000073,4,0
2025-11-02 01:00:00,110091.36,-0.8397559999999837,4,0
2025-11-02 01:30:00,109978.01,-1.4971860000000174,4,0
2025-11-02 02:00:00,109995.91,-1.393365999999967,4,0
2025-11-02 02:30:00,110015.77,-1.2781779999999634,4,0
2025-11-02 03:00:00,109985.44,-1.4540919999999737,4,0
2025-11-02 03:30:00,110053.23,-1.060910000000011,4,0
2025-11-02 04:00:00,110131.0,-0.6098439999999871,4,0
2025-11-02 04:30:00,110670.27,2.517922000000037,4,0
2025-11-02 05:00:00,110456.8,0.5539980000000257,5,0
2025-11-02 05:30:00,110497.98,0.9328539999999614,5,0
2025-11-02 06:00:00,110413.17,0.15260199999998292,5,0
2025-11-02 06:30:00,110663.89,2.459225999999994,5,0
2025-11-02 07:00:00,110503.06,0.9795899999999778,5,0
2025-11-02 07:30:00,110895.53,4.590313999999988,5,0
2025-11-02 08:00:00,110797.68,3.191058999999905,6,0
2025-11-02 08:30:00,110850.17,3.9416659999999806,6,0
2025-11-02 09:00:00,110968.29,5.630781999999915,6,0
2025-11-02 09:30:00,110714.0,0.036402000000054,7,0
2025-11-02 10:00:00,110578.5,-2.944597999999946,7,0
2025-11-02 10:30:00,110492.0,-4.8475979999999455,7,0
2025-11-02 11:00:00,110844.05,2.8975020000001184,7,0
2025-11-02 11:30:00,111196.99,10.66218200000017,7,0
2025-11-02 12:00:00,110935.85,0.0,0,0
2025-11-02 12:30:00,110736.24,0.1996100000000006,0,1
2025-11-02 13:00:00,110407.23,0.8576300000000192,0,2
2025-11-02 13:30:00,110568.65,0.29266000000002534,0,3
2025-11-02 14:00:00,110307.99,1.2049699999999868,0,3
2025-11-02 14:30:00,110422.24,0.5423199999999867,0,4
2025-11-02 15:00:00,110523.9,-0.047307999999949335,0,4
2025-11-02 15:30:00,110117.48,2.3099280000000406,0,4
2025-11-02 16:00:00,110081.51,2.6408520000000513,0,5
2025-11-02 16:30:00,110115.34,2.329616000000035,0,5
2025-11-02 17:00:00,110163.16,1.8896719999999712,0,5
2025-11-02 17:30:00,110190.4,1.6390640000000567,0,5
2025-11-02 18:00:00,110251.04,1.081176000000062,0,5
2025-11-02 18:30:00,110331.0,0.3455440000000033,0,5
2025-11-02 19:00:00,109960.95,3.75000400000003,0,5
2025-11-02 19:30:00,110180.84,0.605577000000038,0,6
2025-11-02 20:00:00,109921.91,4.308275999999938,0,6
2025-11-02 20:30:00,110086.7,1.95177900000003,0,6
2025-11-02 21:00:00,110020.29,2.9014420000000802,0,6
2025-11-02 21:30:00,109990.9,3.3217190000000714,0,6
2025-11-02 22:00:00,109992.3,3.3016989999999464,0,6
2025-11-02 22:30:00,109899.99,4.621731999999914,0,6
2025-11-02 23:00:00,110187.75,0.5067639999999882,0,6
2025-11-02 23:30:00,110540.68,-4.540134999999912,0,6
2025-11-03 00:00:00,110332.57,-1.5641620000001117,0,6
2025-11-03 00:30:00,109757.11,6.66491599999998,0,6
2025-11-03 01:00:00,109643.86,9.15641599999998,0,7
2025-11-03 01:30:00,109665.5,8.680335999999992,0,7
2025-11-03 02:00:00,109249.74,17.827055999999878,0,7
2025-11-03 02:30:00,109033.83,0.0,0,0
2025-11-03 03:00:00,108127.33,0.9065,0,1
2025-11-03 03:30:00,107937.45,1.2862600000000093,0,2
2025-11-03 04:00:00,107836.31,1.6402500000000073,0,3
2025-11-03 04:30:00,107900.37,1.2687020000000209,0,4
2025-11-03 05:00:00,107968.39,0.6429179999999834,0,5
2025-11-03 05:30:00,107606.75,5.814369999999975,0,6
2025-11-03 06:00:00,107454.99,9.15308999999986,0,7
2025-11-03 06:30:00,107494.23,7.834626000000173,0,8
2025-11-03 07:00:00,107650.01,2.6004180000002126,0,8
2025-11-03 07:30:00,107468.23,8.708226000000172,0,8
2025-11-03 08:00:00,107228.36,16.767858000000015,0,8
2025-11-03 08:30:00,107586.97,0.0,0,0
2025-11-03 09:00:00,107370.07,-0.21689999999999418,1,0
2025-11-03 09:30:00,107197.94,-0.3890299999999988,1,0
2025-11-03 10:00:00,107592.09,0.0051199999999953436,1,0
2025-11-03 10:30:00,106974.99,-0.611979999999996,1,0
2025-11-03 11:00:00,107637.16,-0.611979999999996,1,1
2025-11-03 11:30:00,107787.42,-0.46172000000000113,2,1
2025-11-03 12:00:00,108254.88,0.005740000000005185,2,1
2025-11-03 12:30:00,107768.9,-1.209210000000021,3,1
2025-11-03 13:00:00,107688.0,-1.4114600000000064,3,1
2025-11-03 13:30:00,107908.68,-0.859760000000024,3,1
2025-11-03 14:00:00,107546.21,-1.7659349999999903,3,1
2025-11-03 14:30:00,108059.99,-0.4814849999999933,3,1
2025-11-03 15:00:00,105992.64,-10.40476500000002,4,1
2025-11-03 15:30:00,105745.71,-11.343098999999993,4,2
2025-11-03 16:00:00,106380.0,-9.884232000000011,4,3
2025-11-03 16:30:00,106678.44,-9.884232000000011,4,4
2025-11-03 17:00:00,107080.0,-9.884232000000008,4,4
2025-11-03 17:30:00,107481.19,-9.88423200000001,4,4
2025-11-03 18:00:00,107262.24,-9.88423200000001,4,4
2025-11-03 18:30:00,106961.62,-9.88423200000001,4,4
2025-11-03 19:00:00,106945.99,-9.88423200000001,4,4
2025-11-03 19:30:00,107090.0,-9.884232000000008,4,4
2025-11-03 20:00:00,106745.92,-9.88423200000001,4,4
2025-11-03 20:30:00,106657.55,-9.88423200000001,4,4
2025-11-03 21:00:00,106625.06,-9.884232000000008,4,4
2025-11-03 21:30:00,106888.71,-9.88423200000001,4,4
2025-11-03 22:00:00,106176.34,-9.88423200000001,4,4
2025-11-03 22:30:00,106489.95,-10.950506000000011,4,5
2025-11-03 23:00:00,106440.73,-10.78315800000001,4,5
2025-11-03 23:30:00,106583.04,-11.267012,4,5
2025-11-04 00:00:00,105852.38,-8.78276800000004,4,5
2025-11-04 00:30:00,106471.45,-14.044862999999975,4,6
2025-11-04 01:00:00,106898.42,-17.674107999999983,4,6
2025-11-04 01:30:00,107040.01,-18.87762299999995,4,6
2025-11-04 02:00:00,106944.59,-18.06655299999997,4,6
2025-11-04 02:30:00,106482.6,-14.13963800000005,4,6
2025-11-04 03:00:00,106962.95,-18.222612999999974,4,6
2025-11-04 03:30:00,107158.79,-19.887252999999944,4,6
2025-11-04 04:00:00,106939.09,-18.019802999999968,4,6
2025-11-04 04:30:00,106750.14,-16.413727999999992,4,6
2025-11-04 05:00:00,105668.09,-7.216302999999968,4,6
2025-11-04 05:30:00,104215.76,16.31144300000006,4,7
2025-11-04 06:00:00,104972.73,0.0,0,0
2025-11-04 06:30:00,104766.14,-0.2065899999999965,1,0
2025-11-04 07:00:00,104370.72,-0.9974299999999932,2,0
2025-11-04 07:30:00,104490.72,-0.757429999999993,2,0
2025-11-04 08:00:00,104202.4,-1.334070000000007,2,0
2025-11-04 08:30:00,104051.9,-1.635070000000007,2,0
2025-11-04 09:00:00,103878.13,-1.982609999999986,2,0
2025-11-04 09:30:00,103857.96,-2.002779999999984,2,1
2025-11-04 10:00:00,103745.15,-2.1155899999999965,2,1
2025-11-04 10:30:00,103816.39,-2.1155899999999965,2,2
2025-11-04 11:00:00,104310.1,-2.1155899999999965,2,2
2025-11-04 11:30:00,104584.76,-2.1155899999999965,2,2
2025-11-04 12:00:00,104121.42,-2.1155899999999965,2,2
2025-11-04 12:30:00,103952.54,-2.1155899999999965,2,2
2025-11-04 13:00:00,103685.54,-2.1155899999999965,2,2
2025-11-04 13:30:00,103924.25,-2.1155899999999965,2,2
2025-11-04 14:00:00,103783.35,-2.1155899999999965,2,2
2025-11-04 14:30:00,104500.01,-2.1155899999999965,2,2
2025-11-04 15:00:00,104466.01,-2.1155899999999965,2,2
2025-11-04 15:30:00,103197.01,-2.1155899999999974,2,2
2025-11-04 16:00:00,102740.17,-1.430330000000001,2,3
2025-11-04 16:30:00,102257.7,0.4030560000000034,2,4
2025-11-04 17:00:00,101356.75,6.889895999999981,2,5
2025-11-04 17:30:00,101114.83,9.86551199999996,2,6
2025-11-04 18:00:00,100704.6,18.07011199999988,2,7
2025-11-04 18:30:00,101363.98,0.0,0,0
2025-11-04 19:00:00,101306.87,-0.057110000000000584,1,0
2025-11-04 19:30:00,100542.64,-1.5855699999999926,2,0
2025-11-04 20:00:00,100542.12,-1.5866100000000007,2,0
2025-11-04 20:30:00,100755.43,-1.1599900000000054,2,0
2025-11-04 21:00:00,99926.29,-2.818270000000004,2,0
2025-11-04 21:30:00,100311.46,-2.433099999999991,2,1
2025-11-04 22:00:00,101140.92,-1.6036399999999995,2,1
2025-11-04 22:30:00,101295.71,-1.4488499999999913,2,1
2025-11-04 23:00:00,101235.25,-1.5093099999999975,2,1
2025-11-04 23:30:00,101497.22,-1.2473399999999968,2,1
2025-11-05 00:00:00,100973.18,-2.5574400000000166,3,1
2025-11-05 00:30:00,100564.3,-3.5796399999999924,3,1
2025-11-05 01:00:00,99113.39,-7.206915000000002,3,1
2025-11-05 01:30:00,100761.62,-4.734570000000007,3,2
2025-11-05 02:00:00,101270.0,-3.972,3,2
2025-11-05 02:30:00,101677.93,-3.3601050000000106,3,2
2025-11-05 03:00:00,102106.47,-1.7316529999999797,4,2
2025-11-05 03:30:00,102130.0,-1.5622369999999877,5,2
2025-11-05 04:00:00,101566.32,-8.495500999999903,6,2
2025-11-05 04:30:00,101998.3,-3.1821469999999525,6,2
2025-11-05 05:00:00,101882.89,-4.601689999999994,6,2
2025-11-05 05:30:00,101824.89,-5.315089999999995,6,2
2025-11-05 06:00:00,101922.06,-4.119899000000017,6,2
2025-11-05 06:30:00,102119.99,-1.6853599999999234,6,2
2025-11-05 07:00:00,101827.54,-7.534360000000158,7,2
2025-11-05 07:30:00,101993.02,-4.224759999999947,7,2
2025-11-05 08:00:00,101431.95,-15.446160000000088,7,2
2025-11-05 08:30:00,101699.74,-10.090359999999924,7,2
2025-11-05 09:00:00,101895.12,-6.182760000000122,7,2
2025-11-05 09:30:00,101995.29,-4.179360000000156,7,2
2025-11-05 10:00:00,101799.1,-8.103159999999912,7,2
2025-11-05 10:30:00,101401.97,-16.045760000000005,7,2
2025-11-05 11:00:00,101605.7,-11.971160000000088,7,2
2025-11-05 11:30:00,102070.61,-2.672960000000017,7,2
2025-11-05 12:00:00,102531.01,6.535039999999867,7,2
2025-11-05 12:30:00,102673.35,11.032984000000216,8,2
2025-11-05 13:00:00,102516.67,0.0,0,0
2025-11-05 13:30:00,102985.91,0.0,0,0
2025-11-05 14:00:00,102658.73,-0.3271800000000076,1,0
2025-11-05 14:30:00,103202.3,0.21638999999999942,1,0
2025-11-05 15:00:00,103367.25,0.5462899999999936,2,0
2025-11-05 15:30:00,103728.3,1.8099650000000038,3,0
2025-11-05 16:00:00,103514.6,0.5705050000000207,4,0
2025-11-05 16:30:00,103919.2,2.91718499999997,4,0
2025-11-05 17:00:00,103903.84,2.7758729999999647,5,0
2025-11-05 17:30:00,103904.05,2.7788760000000554,6,0
2025-11-05 18:00:00,104123.06,5.910718999999982,6,0
2025-11-05 18:30:00,104347.4,10.846198999999904,7,0
2025-11-05 19:00:00,104211.1,0.0,0,0
2025-11-05 19:30:00,104008.09,0.0,0,0
2025-11-05 20:00:00,104012.0,-0.003910000000003492,0,1
2025-11-05 20:30:00,103831.22,0.17686999999999534,0,1
2025-11-05 21:00:00,103570.29,0.6987300000000105,0,2
2025-11-05 21:30:00,103672.37,0.34145000000000436,0,3
2025-11-05 22:00:00,103363.1,1.4238949999999677,0,3
2025-11-05 22:30:00,103706.55,-0.5681150000000154,0,4
2025-11-05 23:00:00,103956.18,-2.015968999999958,0,4
2025-11-05 23:30:00,103885.16,-1.6040530000000186,0,4
2025-11-06 00:00:00,103432.06,1.023927000000015,0,4
2025-11-06 00:30:00,103677.72,-0.4009010000000052,0,4
2025-11-06 01:00:00,102833.83,4.4936609999999915,0,4
2025-11-06 01:30:00,103365.65,-0.399082999999939,0,5
2025-11-06 02:00:00,102899.28,3.8915210000000187,0,5
2025-11-06 02:30:00,103321.81,-2.1506579999999653,0,6
2025-11-06 03:00:00,103598.75,-6.110899999999998,0,6
2025-11-06 03:30:00,103636.03,-6.644003999999983,0,6
2025-11-06 04:00:00,103756.97,-8.373446000000015,0,6
2025-11-06 04:30:00,104030.79,-12.289071999999909,0,6
2025-11-06 05:00:00,103500.01,-4.6989179999999235,0,6
2025-11-06 05:30:00,103143.57,0.39817399999990166,0,6
2025-11-06 06:00:00,103508.78,-4.824328999999982,0,6
2025-11-06 06:30:00,103318.75,-2.1068999999999987,0,6
2025-11-06 07:00:00,103442.37,-3.874665999999932,0,6
2025-11-06 07:30:00,103185.48,-0.20113899999994,0,6
2025-11-06 08:00:00,103331.62,-2.290940999999932,0,6
2025-11-06 08:30:00,103200.26,-0.41249299999992406,0,6
2025-11-06 09:00:00,102963.48,2.97346100000006,0,6
2025-11-06 09:30:00,102810.01,5.1680820000000764,0,6
2025-11-06 10:00:00,103025.23,0.433242000000051,0,7
2025-11-06 10:30:00,103122.54,-1.7075779999998975,0,7
2025-11-06 11:00:00,103142.97,-2.1570380000000644,0,7
2025-11-06 11:30:00,103227.58,-4.018458000000077,0,7
2025-11-06 12:00:00,102802.7,5.328902000000025,0,7
2025-11-06 12:30:00,102552.38,10.835941999999857,0,7
2025-11-06 13:00:00,103496.81,0.0,0,0
2025-11-06 13:30:00,103319.71,-0.17709999999999126,1,0
2025-11-06 14:00:00,102901.5,-1.0135200000000042,2,0
2025-11-06 14:30:00,102125.0,-2.566520000000004,2,0
2025-11-06 15:00:00,102438.02,-2.2535,2,1
2025-11-06 15:30:00,102014.48,-2.6770400000000083,2,1
2025-11-06 16:00:00,101805.84,-2.677040000000008,2,2
2025-11-06 16:30:00,100867.2,-1.269080000000009,2,3
2025-11-06 17:00:00,101432.12,-3.415776000000003,2,4
2025-11-06 17:30:00,101804.01,-6.093383999999999,2,5
2025-11-06 18:00:00,101357.47,-2.8782960000000446,2,5
2025-11-06 18:30:00,101722.13,-5.503848000000069,2,5
2025-11-06 19:00:00,101813.37,-6.160776000000001,2,5
2025-11-06 19:30:00,101388.81,-3.103944000000019,2,5
2025-11-06 20:00:00,101082.24,-0.896640000000074,2,5
2025-11-06 20:30:00,100914.11,1.171358999999983,2,6
2025-11-06 21:00:00,100873.31,1.987359000000042,2,7
2025-11-06 21:30:00,101117.17,-5.718616999999977,2,8
2025-11-06 22:00:00,101133.1,-6.222005000000215,2,8
2025-11-06 22:30:00,101415.05,-15.131625000000124,2,8
2025-11-06 23:00:00,101359.0,-13.36044500000003,2,8
2025-11-06 23:30:00,101346.04,-12.950908999999829,2,8
2025-11-07 00:00:00,100929.61,0.20827899999995014,2,8
2025-11-07 00:30:00,101479.78,-17.177092999999992,2,8
2025-11-07 01:00:00,101680.24,-23.511629000000198,2,8
2025-11-07 01:30:00,101538.96,-19.047181000000233,2,8
2025-11-07 02:00:00,101243.01,-9.695160999999867,2,8
2025-11-07 02:30:00,101905.11,-30.617521000000046,2,8
2025-11-07 03:00:00,102285.71,-42.64448100000023,2,8
2025-11-07 03:30:00,101916.29,-30.970808999999825,2,8
2025-11-07 04:00:00,101995.56,-33.47574099999996,2,8
2025-11-07 04:30:00,102027.19,-34.475249000000105,2,8
2025-11-07 05:00:00,102407.99,-46.508529000000195,2,8
2025-11-07 05:30:00,102447.47,-47.75609700000007,2,8
2025-11-07 06:00:00,102250.0,-41.516045000000034,2,8
2025-11-07 06:30:00,101819.1,-27.899605000000214,2,8
2025-11-07 07:00:00,101842.33,-28.633673000000087,2,8
2025-11-07 07:30:00,102010.0,-33.93204500000003,2,8
2025-11-07 08:00:00,101813.04,-27.70810899999983,2,8
2025-11-07 08:30:00,101496.18,-17.69533299999981,2,8
2025-11-07 09:00:00,101006.26,-2.2138609999998655,2,8
2025-11-07 09:30:00,101013.66,-2.4477010000001425,2,8
2025-11-07 10:00:00,100668.32,8.465042999999746,2,8
2025-11-07 10:30:00,100770.85,5.225094999999785,2,8
2025-11-07 11:00:00,99918.02,32.17452299999984,2,8
2025-11-07 11:30:00,100411.89,0.0,0,0
2025-11-07 12:00:00,99932.01,-0.4798800000000047,1,0
2025-11-07 12:30:00,99638.28,-0.7736100000000006,1,0
2025-11-07 13:00:00,100140.33,-0.7736100000000006,1,1
2025-11-07 13:30:00,100347.35,-0.7736100000000006,1,1
2025-11-07 14:00:00,100296.7,-0.8242600000000093,2,1
2025-11-07 14:30:00,100806.08,-0.3148800000000046,2,1
2025-11-07 15:00:00,101020.01,0.21994499999997785,3,1
2025-11-07 15:30:00,100797.95,-0.8459430000000108,4,1
2025-11-07 16:00:00,101532.87,2.6816729999999804,4,1
2025-11-07 16:30:00,101169.2,-0.3004210000000047,5,1
2025-11-07 17:00:00,102338.0,15.244619000000034,6,1
2025-11-07 17:30:00,102397.12,0.0,0,0
2025-11-07 18:00:00,102694.41,0.0,0,0
2025-11-07 18:30:00,102609.46,-0.0849499999999971,1,0
2025-11-07 19:00:00,102849.65,0.1552399999999907,1,0
2025-11-07 19:30:00,103395.25,1.2464400000000024,2,0
2025-11-07 20:00:00,103200.0,0.5630650000000024,3,0
2025-11-07 20:30:00,103783.09,3.944986999999982,4,0
2025-11-07 21:00:00,103420.02,0.6047430000000518,5,0
2025-11-07 21:30:00,103879.23,4.829474999999976,5,0
2025-11-07 22:00:00,103931.28,5.5737900000000185,6,0
2025-11-07 22:30:00,103633.03,-0.9877099999999821,7,0
2025-11-07 23:00:00,103415.62,-5.770730000000059,7,0
2025-11-07 23:30:00,103339.08,-7.454609999999918,7,0
2025-11-08 00:00:00,103073.65,-13.294070000000085,7,0
2025-11-08 00:30:00,102713.15,-21.225070000000084,7,0
2025-11-08 01:00:00,102977.43,-15.410910000000111,7,0
2025-11-08 01:30:00,102996.84,-14.983890000000034,7,0
2025-11-08 02:00:00,103249.4,-9.427570000000085,7,0
2025-11-08 02:30:00,102846.65,-18.288070000000083,7,0
2025-11-08 03:00:00,103095.41,-12.81534999999988,7,0
2025-11-08 03:30:00,102592.76,-23.873650000000072,7,0
2025-11-08 04:00:00,102471.36,-26.544449999999948,7,0
2025-11-08 04:30:00,102565.03,-24.48370999999998,7,0
2025-11-08 05:00:00,102504.73,-25.810310000000047,7,0
2025-11-08 05:30:00,102304.0,-30.226369999999957,7,0
2025-11-08 06:00:00,102342.79,-29.372990000000097,7,0
2025-11-08 06:30:00,102215.62,-32.17073000000006,7,0
2025-11-08 07:00:00,102083.2,-35.08397000000002,7,0
2025-11-08 07:30:00,102352.96,-29.419009999999826,7,1
2025-11-08 08:00:00,102450.42,-27.372349999999994,7,1
2025-11-08 08:30:00,102431.74,-27.764629999999848,7,1
2025-11-08 09:00:00,102480.38,-26.74318999999986,7,1
2025-11-08 09:30:00,102399.46,-28.442509999999825,7,1
2025-11-08 10:00:00,102520.02,-25.910749999999876,7,1
2025-11-08 10:30:00,102480.04,-26.750330000000094,7,1
2025-11-08 11:00:00,102509.99,-26.12137999999985,7,1
2025-11-08 11:30:00,101857.1,-39.83206999999984,7,1
2025-11-08 12:00:00,101995.82,-37.05766999999981,7,2
2025-11-08 12:30:00,102065.14,-35.67126999999997,7,2
2025-11-08 13:00:00,102105.93,-34.85547000000009,7,2
2025-11-08 13:30:00,101804.63,-40.88146999999986,7,2
2025-11-08 14:00:00,101701.29,-42.948270000000086,7,2
2025-11-08 14:30:00,101827.19,-40.619119999999924,7,3
2025-11-08 15:00:00,101591.92,-44.971615,7,3
2025-11-08 15:30:00,101711.45,-42.76031000000002,7,3
2025-11-08 16:00:00,101841.17,-40.36049,7,3
2025-11-08 16:30:00,101850.22,-40.19306499999994,7,3
2025-11-08 17:00:00,101800.5,-41.11288499999996,7,3
2025-11-08 17:30:00,101994.52,-37.52351499999988,7,3
2025-11-08 18:00:00,102009.23,-37.25138000000004,7,3
2025-11-08 18:30:00,102139.53,-34.84082999999998,7,3
2025-11-08 19:00:00,101801.24,-41.09919499999987,7,3
2025-11-08 19:30:00,101989.65,-37.61361000000008,7,3
2025-11-08 20:00:00,102108.9,-35.40748500000007,7,3
2025-11-08 20:30:00,102068.06,-36.163025000000005,7,3
2025-11-08 21:00:00,102089.33,-35.76952999999993,7,3
2025-11-08 21:30:00,102272.81,-32.37515000000001,7,3
2025-11-08 22:00:00,102329.53,-31.325829999999982,7,3
2025-11-08 22:30:00,102377.46,-30.439124999999844,7,3
2025-11-08 23:00:00,102450.97,-29.07918999999994,7,3
2025-11-08 23:30:00,102312.94,-31.63274499999992,7,3
2025-11-09 00:00:00,101779.14,-41.508044999999974,7,3
2025-11-09 00:30:00,101797.74,-41.16394499999987,7,3
2025-11-09 01:00:00,101846.01,-40.270950000000056,7,3
2025-11-09 01:30:00,102045.07,-36.58833999999984,7,3
2025-11-09 02:00:00,101902.2,-39.23143500000002,7,3
2025-11-09 02:30:00,101633.25,-44.20700999999997,7,3
2025-11-09 03:00:00,101505.39,-46.57241999999997,7,3
2025-11-09 03:30:00,101662.05,-44.03452799999991,7,4
2025-11-09 04:00:00,102070.9,-37.41115800000005,7,4
2025-11-09 04:30:00,101724.91,-43.0161959999999,7,4
2025-11-09 05:00:00,101982.79,-38.83854000000006,7,4
2025-11-09 05:30:00,101928.54,-39.717390000000066,7,4
2025-11-09 06:00:00,101887.48,-40.38256200000003,7,4
2025-11-09 06:30:00,101752.83,-42.56389199999993,7,4
2025-11-09 07:00:00,101790.6,-41.95201799999987,7,4
2025-11-09 07:30:00,101944.59,-39.45738000000002,7,4
2025-11-09 08:00:00,101942.38,-39.49318199999989,7,4
2025-11-09 08:30:00,101972.94,-38.998109999999926,7,4
2025-11-09 09:00:00,101962.81,-39.16221600000001,7,4
2025-11-09 09:30:00,101657.46,-44.108885999999856,7,4
2025-11-09 10:00:00,101757.38,-42.4901819999999,7,4
2025-11-09 10:30:00,101876.36,-40.56270599999995,7,4
2025-11-09 11:00:00,102125.34,-36.52923000000002,7,4
2025-11-09 11:30:00,102239.41,-34.68129599999991,7,4
2025-11-09 12:00:00,102193.28,-35.42860199999999,7,4
2025-11-09 12:30:00,102086.9,-37.15195800000006,7,4
2025-11-09 13:00:00,102510.33,-30.29239199999994,7,4
2025-11-09 13:30:00,102911.39,-23.795219999999976,7,4
2025-11-09 14:00:00,103876.45,-8.161248000000011,7,4
2025-11-09 14:30:00,103037.9,-21.74575800000006,7,4
2025-11-09 15:00:00,103585.13,-12.880631999999888,7,4
2025-11-09 15:30:00,103762.17,-10.012583999999993,7,4
2025-11-09 16:00:00,103493.59,-14.36358000000002,7,4
2025-11-09 16:30:00,103845.04,-8.67009000000007,7,4
2025-11-09 17:00:00,103615.51,-12.38847600000005,7,4
2025-11-09 17:30:00,103637.57,-12.03110399999985,7,4
2025-11-09 18:00:00,103613.05,-12.428327999999917,7,4
2025-11-09 18:30:00,104512.65,2.145191999999943,7,4
2025-11-09 19:00:00,104736.52,8.368778000000214,8,4
2025-11-09 19:30:00,104805.57,10.288368000000297,8,4
2025-11-09 20:00:00,104501.72,0.0,0,0
2025-11-09 20:30:00,104633.12,-0.1313999999999942,0,1
2025-11-09 21:00:00,104641.88,-0.1401600000000035,0,1
2025-11-09 21:30:00,104528.82,-0.02710000000000582,0,1
2025-11-09 22:00:00,104331.53,0.17019000000000234,0,1
2025-11-09 22:30:00,104732.48,-0.6317099999999919,0,2
2025-11-09 23:00:00,104657.87,-0.4824899999999907,0,2
2025-11-09 23:30:00,104722.96,-0.6126700000000128,0,2
2025-11-10 00:00:00,105513.04,-2.1928299999999874,0,2
2025-11-10 00:30:00,106314.96,-2.99475,1,2
2025-11-10 01:00:00,106071.99,-2.99475,2,2
2025-11-10 01:30:00,105699.99,-3.55275,3,2
2025-11-10 02:00:00,105765.13,-3.3052180000000018,4,2
2025-11-10 02:30:00,106006.69,-2.3872900000000112,4,2
2025-11-10 03:00:00,105953.97,-2.7668740000000196,5,2
2025-11-10 03:30:00,106027.97,-2.2340740000000197,5,2
2025-11-10 04:00:00,105945.91,-3.2434119999999904,6,2
2025-11-10 04:30:00,106153.14,-0.694483000000041,6,2
2025-11-10 05:00:00,106231.16,0.26516300000000914,6,2
2025-11-10 05:30:00,106100.0,-2.3580370000000603,7,2
2025-11-10 06:00:00,106116.45,-2.0290370000001188,7,2
2025-11-10 06:30:00,106221.88,0.07956300000003269,7,2
2025-11-10 07:00:00,106334.48,2.3315629999998575,7,2
2025-11-10 07:30:00,106461.45,4.870962999999882,7,2
2025-11-10 08:00:00,106245.14,-1.964433000000045,8,2
2025-11-10 08:30:00,105965.46,-10.802320999999825,8,2
2025-11-10 09:00:00,106422.0,3.6243429999999726,8,2
2025-11-10 09:30:00,106440.0,4.193142999999973,8,2
2025-11-10 10:00:00,106169.71,-4.348020999999824,8,2
2025-11-10 10:30:00,105995.26,-9.860641000000191,8,2
2025-11-10 11:00:00,106172.02,-4.275024999999898,8,2
2025-11-10 11:30:00,106176.5,-4.133457000000027,8,2
2025-11-10 12:00:00,105919.23,-12.263189000000157,8,2
2025-11-10 12:30:00,105944.17,-11.475085000000082,8,2
2025-11-10 13:00:00,106303.78,-0.11140900000006382,8,2
2025-11-10 13:30:00,106548.02,7.606575000000101,8,2
2025-11-10 14:00:00,106189.67,-3.717285000000082,8,2
2025-11-10 14:30:00,104898.15,-44.52931700000021,8,2
2025-11-10 15:00:00,105479.7,-26.152337000000117,8,2
2025-11-10 15:30:00,105079.99,-38.78317299999986,8,2
2025-11-10 16:00:00,105178.8,-35.66077699999993,8,2
2025-11-10 16:30:00,105242.05,-33.66207699999993,8,2
2025-11-10 17:00:00,105365.6,-29.757896999999844,8,2
2025-11-10 17:30:00,105953.1,-11.192896999999844,8,2
2025-11-10 18:00:00,105903.83,-12.74982899999997,8,2
2025-11-10 18:30:00,105478.0,-26.206057000000026,8,2
2025-11-10 19:00:00,105726.17,-18.36388500000008,8,2
2025-11-10 19:30:00,105817.99,-15.462372999999861,8,2
2025-11-10 20:00:00,106036.65,-8.55271700000021,8,2
2025-11-10 20:30:00,106010.73,-9.371789000000156,8,2
2025-11-10 21:00:00,105556.22,-23.73430499999999,8,2
2025-11-10 21:30:00,105631.27,-21.362724999999898,8,2
2025-11-10 22:00:00,105618.0,-21.782057000000027,8,2
2025-11-10 22:30:00,106062.8,-7.726376999999934,8,2
2025-11-10 23:00:00,106184.26,-3.8882410000001926,8,2
2025-11-10 23:30:00,106011.13,-9.35914899999988,8,2
2025-11-11 00:00:00,105721.73,-18.504189000000153,8,2
2025-11-11 00:30:00,106139.83,-5.292228999999972,8,2
2025-11-11 01:00:00,106792.58,15.334671000000029,8,2
2025-11-11 01:30:00,106110.36,0.0,0,0
2025-11-11 02:00:00,106368.37,-0.25800999999999474,0,1
2025-11-11 02:30:00,106655.02,-0.8313100000000122,0,2
2025-11-11 03:00:00,106773.06,-1.0673899999999994,0,2
2025-11-11 03:30:00,106456.0,-0.4332700000000041,0,2
2025-11-11 04:00:00,105978.89,0.5209499999999971,0,2
2025-11-11 04:30:00,105755.32,1.3034449999999707,0,3
2025-11-11 05:00:00,105562.17,2.4237150000000214,0,4
2025-11-11 05:30:00,105249.35,5.301658999999952,0,5
2025-11-11 06:00:00,105042.68,8.257040000000135,0,6
2025-11-11 06:30:00,105261.27,3.4480599999998915,0,7
2025-11-11 07:00:00,105165.94,5.54531999999993,0,7
2025-11-11 07:30:00,104783.98,18.379176000000143,0,8
2025-11-11 08:00:00,105095.72,0.0,0,0
2025-11-11 08:30:00,105157.8,0.062080000000001745,1,0
2025-11-11 09:00:00,105338.76,0.2430399999999936,1,0
2025-11-11 09:30:00,104971.63,-0.49121999999998667,2,0
2025-11-11 10:00:00,105130.41,-0.17365999999998893,2,0
2025-11-11 10:30:00,105176.38,-0.08171999999998662,2,0
2025-11-11 11:00:00,105304.0,0.17352000000000406,2,0
2025-11-11 11:30:00,105311.9,0.18931999999999244,2,0
2025-11-11 12:00:00,104956.77,-0.5209399999999877,2,0
2025-11-11 12:30:00,104530.83,-1.3728199999999924,2,0
2025-11-11 13:00:00,104324.31,-1.5793399999999966,2,1
2025-11-11 13:30:00,104390.92,-1.5793399999999964,2,2
2025-11-11 14:00:00,104478.33,-1.5793399999999964,2,2
2025-11-11 14:30:00,104560.16,-1.5793399999999969,2,2
2025-11-11 15:00:00,103706.55,-1.5793399999999962,2,2
2025-11-11 15:30:00,103455.99,-1.2035000000000005,2,3
2025-11-11 16:00:00,103413.99,-1.0439,2,4
2025-11-11 16:30:00,103399.43,-0.9390679999999116,2,5
2025-11-11 17:00:00,103396.04,-0.8973709999999191,2,6
2025-11-11 17:30:00,103338.99,-0.19565600000006278,2,6
2025-11-11 18:00:00,103315.5,0.27414400000004235,2,7
2025-11-11 18:30:00,103401.07,-1.4372560000000976,2,7
2025-11-11 19:00:00,103413.43,-1.6844559999998179,2,7
2025-11-11 19:30:00,103126.39,4.056344000000054,2,7
2025-11-11 20:00:00,102961.6,9.263707999999852,2,8
2025-11-11 20:30:00,102809.27,14.077335999999907,2,8
2025-11-11 21:00:00,102784.78,0.0,0,0
2025-11-11 21:30:00,102633.92,0.0,0,0
2025-11-11 22:00:00,102936.86,0.0,0,0
2025-11-11 22:30:00,103000.01,0.0,0,0
2025-11-11 23:00:00,103121.48,0.0,0,0
2025-11-11 23:30:00,103058.99,-0.062489999999990685,1,0
2025-11-12 00:00:00,103075.49,-0.04598999999999069,1,0
2025-11-12 00:30:00,102885.99,-0.23548999999999068,1,0
2025-11-12 01:00:00,103146.56,0.025080000000001747,1,0
2025-11-12 01:30:00,103254.64,0.1331600000000035,1,0
2025-11-12 02:00:00,103296.0,0.21588000000000468,2,0
2025-11-12 02:30:00,103151.66,-0.07279999999998835,2,0
2025-11-12 03:00:00,103324.0,0.2718800000000047,2,0
2025-11-12 03:30:00,103310.0,0.24388000000000465,2,0
2025-11-12 04:00:00,103209.13,0.04214000000001397,2,0
2025-11-12 04:30:00,103246.87,0.11761999999999534,2,0
2025-11-12 05:00:00,103360.41,0.34470000000001166,2,0
2025-11-12 05:30:00,103385.3,0.3944800000000105,2,0
2025-11-12 06:00:00,103530.0,0.6838800000000047,2,0
2025-11-12 06:30:00,103366.97,0.1132750000000087,3,0
2025-11-12 07:00:00,103422.92,0.3090999999999985,3,0
2025-11-12 07:30:00,103112.66,-0.7768099999999831,3,0
2025-11-12 08:00:00,103863.0,1.8493800000000047,3,0
2025-11-12 08:30:00,104147.24,3.497972000000035,4,0
2025-11-12 09:00:00,104754.84,9.087891999999954,5,0
2025-11-12 09:30:00,104521.56,5.75198799999997,6,0
2025-11-12 10:00:00,104727.76,10.288387999999907,7,0
2025-11-12 10:30:00,104899.99,0.0,0,0
2025-11-12 11:00:00,104794.02,0.0,0,0
2025-11-12 11:30:00,105020.83,0.0,0,0
2025-11-12 12:00:00,104963.35,-0.05747999999999592,1,0
2025-11-12 12:30:00,104993.74,-0.02708999999999651,1,0
2025-11-12 13:00:00,104974.47,-0.04636000000000058,1,0
2025-11-12 13:30:00,105039.99,0.019160000000003494,1,0
2025-11-12 14:00:00,104765.43,-0.25540000000000873,1,0
2025-11-12 14:30:00,103990.4,-1.0304300000000075,1,0
2025-11-12 15:00:00,103458.01,-1.0304300000000075,1,1
2025-11-12 15:30:00,102173.51,0.25406999999999247,1,2
2025-11-12 16:00:00,101800.76,1.1859449999999927,1,3
2025-11-12 16:30:00,101442.61,2.905064999999965,1,4
2025-11-12 17:00:00,101601.42,1.6028229999999837,1,5
2025-11-12 17:30:00,101748.02,-0.3469570000000939,1,6
2025-11-12 18:00:00,101610.88,2.532982999999894,1,7
2025-11-12 18:30:00,101542.17,4.7729290000001034,1,8
2025-11-12 19:00:00,101085.61,19.656785000000028,1,8
2025-11-12 19:30:00,101297.31,0.0,0,0
2025-11-12 20:00:00,101717.3,0.41999000000000525,1,0
2025-11-12 20:30:00,101539.01,0.06340999999998892,2,0
2025-11-12 21:00:00,101715.78,0.4169499999999971,2,0
2025-11-12 21:30:00,101920.47,1.1333650000000053,3,0
2025-11-12 22:00:00,101697.98,-0.15707700000002517,4,0
2025-11-12 22:30:00,101978.96,1.4726070000000357,4,0
2025-11-12 23:00:00,101878.52,0.8900550000000222,4,0
2025-11-12 23:30:00,101654.37,-0.4100150000000285,4,0
2025-11-13 00:00:00,101483.6,-1.4004809999999677,4,0
2025-11-13 00:30:00,101854.58,0.7512030000000086,4,0
2025-11-13 01:00:00,101998.25,1.5844889999999987,4,0
2025-11-13 01:30:00,102007.0,1.6352389999999986,4,0
2025-11-13 02:00:00,101994.07,1.5602450000000392,4,0
2025-11-13 02:30:00,102064.41,1.968217000000019,4,0
2025-11-13 03:00:00,102124.07,2.3142450000000387,4,0
2025-11-13 03:30:00,102130.21,2.3707330000000337,5,0
2025-11-13 04:00:00,102145.23,2.5089169999999377,5,0
2025-11-13 04:30:00,102120.0,2.276800999999975,5,0
2025-11-13 05:00:00,102256.62,3.533704999999932,5,0
2025-11-13 05:30:00,103135.84,11.622528999999943,5,0
2025-11-13 06:00:00,103577.21,0.0,0,0
2025-11-13 06:30:00,103590.74,0.013529999999998836,1,0
2025-11-13 07:00:00,103922.02,0.6760899999999965,2,0
2025-11-13 07:30:00,103475.66,-0.8861700000000056,3,0
2025-11-13 08:00:00,103722.02,-0.023910000000003484,3,0
2025-11-13 08:30:00,103684.06,-0.15677000000002594,3,0
2025-11-13 09:00:00,102902.71,-2.8914949999999955,3,0
2025-11-13 09:30:00,102827.0,-3.0807700000000113,3,1
2025-11-13 10:00:00,103073.55,-2.464395000000004,3,1
2025-11-13 10:30:00,102991.22,-2.6702200000000085,3,1
2025-11-13 11:00:00,102918.09,-2.8530450000000203,3,1
2025-11-13 11:30:00,102936.5,-2.807020000000011,3,1
2025-11-13 12:00:00,102952.91,-2.765995000000003,3,1
2025-11-13 12:30:00,103143.45,-2.289645000000019,3,1
2025-11-13 13:00:00,102554.62,-3.761720000000023,3,1
2025-11-13 13:30:00,102326.48,-4.103930000000022,3,2
2025-11-13 14:00:00,102449.99,-4.103930000000022,3,3
2025-11-13 14:30:00,102873.14,-4.103930000000021,3,3
2025-11-13 15:00:00,102205.91,-4.103930000000022,3,3
2025-11-13 15:30:00,101382.64,-2.2104090000000136,3,4
2025-11-13 16:00:00,101064.94,-0.3995190000000295,3,5
2025-11-13 16:30:00,100633.13,4.264028999999944,3,6
2025-11-13 17:00:00,100314.98,10.149804000000108,3,7
2025-11-13 17:30:00,99659.99,0.0,0,0
2025-11-13 18:00:00,99100.17,0.559820000000007,0,1
2025-11-13 18:30:00,98591.78,1.5766000000000058,0,2
2025-11-13 19:00:00,99170.77,-0.4498650000000125,0,3
2025-11-13 19:30:00,98682.14,2.3841890000000143,0,4
2025-11-13 20:00:00,98530.69,3.777528999999988,0,5
2025-11-13 20:30:00,98162.11,9.048223000000013,0,6
2025-11-13 21:00:00,98515.89,1.2650630000000382,0,7
2025-11-13 21:30:00,98817.36,-8.864329000000001,0,8
2025-11-13 22:00:00,99507.82,-32.063785000000216,0,8
2025-11-13 22:30:00,99851.82,-43.622185000000215,0,8
2025-11-13 23:00:00,100231.64,-56.38413699999997,0,8
2025-11-13 23:30:00,99692.02,-38.25290500000012,0,8
2025-11-14 00:00:00,99469.09,-30.762456999999866,0,8
2025-11-14 00:30:00,98973.95,-14.125752999999882,0,8
2025-11-14 01:00:00,99102.87,-18.45746499999982,0,8
2025-11-14 01:30:00,99255.6,-23.589193000000176,0,8
2025-11-14 02:00:00,99683.35,-37.96159300000018,0,8
2025-11-14 02:30:00,99620.0,-35.833032999999986,0,8
2025-11-14 03:00:00,99294.8,-24.90631300000008,0,8
2025-11-14 03:30:00,99139.38,-19.684201000000137,0,8
2025-11-14 04:00:00,98976.63,-14.215801000000138,0,8
2025-11-14 04:30:00,97823.98,24.513239000000155,0,8
2025-11-14 05:00:00,97268.0,0.0,0,0
2025-11-14 05:30:00,97523.98,-0.25597999999999593,0,1
2025-11-14 06:00:00,96989.22,0.27877999999999886,0,1
2025-11-14 06:30:00,97569.13,-0.8810400000000081,0,2
2025-11-14 07:00:00,97699.28,-1.1413399999999965,0,2
2025-11-14 07:30:00,97151.98,-0.04673999999999069,0,2
2025-11-14 08:00:00,96930.52,0.7283699999999809,0,3
2025-11-14 08:30:00,97377.41,-1.8635920000000157,0,4
2025-11-14 09:00:00,97079.17,-0.13379999999998546,0,4
2025-11-14 09:30:00,96839.93,1.2537920000000449,0,4
2025-11-14 10:00:00,96999.9,0.32596600000003817,0,4
2025-11-14 10:30:00,96752.2,1.7626260000000213,0,4
2025-11-14 11:00:00,96529.87,3.8080620000000374,0,5
2025-11-14 11:30:00,96167.44,8.990810999999939,0,6
2025-11-14 12:00:00,95756.95,18.021591000000054,0,7
2025-11-14 12:30:00,95350.75,0.0,0,0
2025-11-14 13:00:00,95099.99,0.25075999999999476,0,1
2025-11-14 13:30:00,95243.95,-0.03715999999998894,0,2
2025-11-14 14:00:00,95412.62,-0.3744999999999855,0,2
2025-11-14 14:30:00,96542.38,-2.634020000000004,0,2
2025-11-14 15:00:00,96543.46,-2.6351000000000058,1,2
2025-11-14 15:30:00,96796.14,-2.6351000000000058,2,2
2025-11-14 16:00:00,96974.13,-2.3681149999999977,3,2
2025-11-14 16:30:00,97011.22,-2.227173000000011,4,2
2025-11-14 17:00:00,96719.03,-4.330941000000028,5,2
2025-11-14 17:30:00,95842.56,-10.641525000000035,5,2
2025-11-14 18:00:00,96050.9,-9.141477000000062,5,2
2025-11-14 18:30:00,95075.53,-16.16414100000003,5,2
2025-11-14 19:00:00,95737.7,-12.389772000000038,5,3
2025-11-14 19:30:00,95778.29,-12.158409000000056,5,3
2025-11-14 20:00:00,94934.15,-16.970007000000052,5,3
2025-11-14 20:30:00,94377.47,-18.86271900000003,5,4
2025-11-14 21:00:00,94692.17,-18.86271900000003,5,5
2025-11-14 21:30:00,95059.47,-18.862719000000027,5,5
2025-11-14 22:00:00,95282.98,-18.86271900000003,5,5
2025-11-14 22:30:00,95179.99,-18.86271900000003,5,5
2025-11-14 23:00:00,94324.25,-18.862719000000034,5,5
2025-11-14 23:30:00,94594.0,-20.23844400000003,5,6
2025-11-15 00:00:00,95365.25,-24.17181900000003,5,6
2025-11-15 00:30:00,95149.35,-23.070729000000057,5,6
2025-11-15 01:00:00,95117.65,-22.909059,5,6
2025-11-15 01:30:00,95650.17,-25.624911000000022,5,6
2025-11-15 02:00:00,95880.0,-26.79704400000003,5,6
2025-11-15 02:30:00,96482.77,-29.871171000000054,5,6
2025-11-15 03:00:00,96656.01,-30.754695000000005,5,6
2025-11-15 03:30:00,96417.12,-29.536356000000005,5,6
2025-11-15 04:00:00,96087.05,-27.852999000000047,5,6
2025-11-15 04:30:00,96112.14,-27.98095800000003,5,6
2025-11-15 05:00:00,96074.11,-27.787005000000036,5,6
2025-11-15 05:30:00,96342.18,-29.154161999999996,5,6
2025-11-15 06:00:00,96409.73,-29.49866700000001,5,6
2025-11-15 06:30:00,96121.27,-28.02752100000005,5,6
2025-11-15 07:00:00,96326.4,-29.073684,5,6
2025-11-15 07:30:00,96333.86,-29.111730000000033,5,6
2025-11-15 08:00:00,95969.12,-27.251556000000004,5,6
2025-11-15 08:30:00,95910.88,-26.95453200000005,5,6
2025-11-15 09:00:00,95944.62,-27.12660600000001,5,6
2025-11-15 09:30:00,95808.44,-26.432088000000046,5,6
2025-11-15 10:00:00,95867.3,-26.732274000000046,5,6
2025-11-15 10:30:00,95952.13,-27.16490700000005,5,6
2025-11-15 11:00:00,95839.44,-26.59018800000004,5,6
2025-11-15 11:30:00,95696.87,-25.863081000000008,5,6
2025-11-15 12:00:00,95855.73,-26.67326700000001,5,6
2025-11-15 12:30:00,95814.08,-26.46085200000004,5,6
2025-11-15 13:00:00,96059.57,-27.712851000000065,5,6
2025-11-15 13:30:00,96370.16,-29.29686000000005,5,6
2025-11-15 14:00:00,96140.81,-28.12717500000002,5,6
2025-11-15 14:30:00,96254.25,-28.70571900000003,5,6
2025-11-15 15:00:00,96381.44,-29.354388000000043,5,6
2025-11-15 15:30:00,96260.0,-28.73504400000003,5,6
2025-11-15 16:00:00,95803.6,-26.40740400000006,5,6
2025-11-15 16:30:00,96162.84,-28.239528000000014,5,6
2025-11-15 17:00:00,96013.72,-27.479016000000033,5,6
2025-11-15 17:30:00,96238.5,-28.625394000000032,5,6
2025-11-15 18:00:00,96065.0,-27.74054400000003,5,6
2025-11-15 18:30:00,96052.99,-27.679293000000058,5,6
2025-11-15 19:00:00,96059.98,-27.714942000000008,5,6
2025-11-15 19:30:00,96012.01,-27.470295000000004,5,6
2025-11-15 20:00:00,95723.97,-26.001291000000037,5,6
2025-11-15 20:30:00,95277.52,-23.724396000000052,5,6
2025-11-15 21:00:00,95416.15,-24.431409000000006,5,6
2025-11-15 21:30:00,95279.99,-23.73699300000006,5,6
2025-11-15 22:00:00,95612.5,-25.43279400000003,5,6
2025-11-15 22:30:00,95619.62,-25.46910600000001,5,6
2025-11-15 23:00:00,95635.72,-25.551216000000036,5,6
2025-11-15 23:30:00,95596.24,-25.349868000000058,5,6
2025-11-16 00:00:00,95268.08,-23.67625200000004,5,6
2025-11-16 00:30:00,95362.0,-24.15524400000003,5,6
2025-11-16 01:00:00,95450.01,-24.604095000000004,5,6
2025-11-16 01:30:00,95276.62,-23.719806000000013,5,6
2025-11-16 02:00:00,95660.45,-25.677339000000018,5,6
2025-11-16 02:30:00,95963.88,-27.224832000000056,5,6
2025-11-16 03:00:00,95814.9,-26.465034000000003,5,6
2025-11-16 03:30:00,95825.02,-26.51664600000005,5,6
2025-11-16 04:00:00,95835.76,-26.571420000000007,5,6
2025-11-16 04:30:00,95821.79,-26.500172999999997,5,6
2025-11-16 05:00:00,95966.37,-27.237531000000008,5,6
2025-11-16 05:30:00,95881.82,-26.806326000000066,5,6
2025-11-16 06:00:00,95978.88,-27.301332000000055,5,6
2025-11-16 06:30:00,95813.53,-26.458047000000022,5,6
2025-11-16 07:00:00,95820.75,-26.49486900000003,5,6
2025-11-16 07:30:00,96099.99,-27.918993000000057,5,6
2025-11-16 08:00:00,95869.42,-26.743086000000023,5,6
2025-11-16 08:30:00,96116.94,-28.00543800000004,5,6
2025-11-16 09:00:00,96107.63,-27.957957000000057,5,6
2025-11-16 09:30:00,96629.75,-30.62076900000003,5,6
2025-11-16 10:00:00,96481.27,-29.863521000000052,5,6
2025-11-16 10:30:00,96444.71,-29.677065000000063,5,6
2025-11-16 11:00:00,95608.64,-25.41310800000003,5,6
2025-11-16 11:30:00,95627.13,-25.507407000000054,5,6
2025-11-16 12:00:00,95815.85,-26.469879000000063,5,6
2025-11-16 12:30:00,95743.9,-26.102934000000005,5,6
2025-11-16 13:00:00,95390.01,-24.298095000000004,5,6
2025-11-16 13:30:00,95420.44,-24.453288000000043,5,6
2025-11-16 14:00:00,95408.02,-24.389946000000048,5,6
2025-11-16 14:30:00,95531.13,-25.017807000000055,5,6
2025-11-16 15:00:00,95428.7,-24.495414000000018,5,6
2025-11-16 15:30:00,94573.46,-20.133690000000062,5,6
2025-11-16 16:00:00,94304.42,-18.76158600000002,5,6
2025-11-16 16:30:00,94224.47,-17.738226000000058,5,7
2025-11-16 17:00:00,94397.09,-19.947761999999997,5,7
2025-11-16 17:30:00,94357.67,-19.443186000000022,5,7
2025-11-16 18:00:00,94828.12,-25.464945999999987,5,7
2025-11-16 18:30:00,94049.64,-15.500402000000038,5,7
2025-11-16 19:00:00,94399.04,-24.025761999999894,5,8
2025-11-16 19:30:00,94020.0,-14.777186000000045,5,8
2025-11-16 20:00:00,94618.51,-29.380829999999918,5,8
2025-11-16 20:30:00,94090.0,-16.48518600000005,5,8
2025-11-16 21:00:00,93677.44,-6.4187220000001055,5,8
2025-11-16 21:30:00,93505.22,-2.2165540000000767,5,8
2025-11-16 22:00:00,93670.28,-6.244018000000024,5,8
2025-11-16 22:30:00,94183.36,-18.763170000000066,5,8
2025-11-16 23:00:00,94242.02,-20.194474000000156,5,8
2025-11-16 23:30:00,94261.44,-20.66832200000011,5,8
2025-11-17 00:00:00,94723.65,-31.94624599999991,5,8
2025-11-17 00:30:00,95290.01,-45.765429999999924,5,8
2025-11-17 01:00:00,95147.59,-42.290381999999966,5,8
2025-11-17 01:30:00,94768.02,-33.02887400000015,5,8
2025-11-17 02:00:00,95159.71,-42.586110000000204,5,8
2025-11-17 02:30:00,94976.18,-38.10797799999989,5,8
2025-11-17 03:00:00,95433.01,-49.25462999999992,5,8
2025-11-17 03:30:00,95496.77,-50.81037400000015,5,8
2025-11-17 04:00:00,95411.96,-48.7410100000002,5,8
2025-11-17 04:30:00,95096.74,-41.049642000000176,5,8
2025-11-17 05:00:00,95151.9,-42.39554599999991,5,8
2025-11-17 05:30:00,95122.76,-41.684529999999924,5,8
2025-11-17 06:00:00,95070.75,-40.41548600000005,5,8
2025-11-17 06:30:00,95282.36,-45.57877000000006,5,8
2025-11-17 07:00:00,95449.4,-49.65454599999991,5,8
2025-11-17 07:30:00,95653.77,-54.64117400000015,5,8
2025-11-17 08:00:00,95846.83,-59.35183800000009,5,8
2025-11-17 08:30:00,95619.06,-53.79424999999999,5,8
2025-11-17 09:00:00,95726.56,-56.417249999999996,5,8
2025-11-17 09:30:00,95656.21,-54.70071000000021,5,8
2025-11-17 10:00:00,95635.72,-54.20075400000008,5,8
2025-11-17 10:30:00,95651.7,-54.59066599999997,5,8
2025-11-17 11:00:00,95716.21,-56.16471000000021,5,8
2025-11-17 11:30:00,95565.38,-52.48445800000016,5,8
2025-11-17 12:00:00,95459.99,-49.91294200000017,5,8
2025-11-17 12:30:00,95312.23,-46.30759799999995,5,8
2025-11-17 13:00:00,94571.88,-28.24305800000017,5,8
2025-11-17 13:30:00,93959.79,-13.308061999999902,5,8
2025-11-17 14:00:00,94155.06,-18.072649999999996,5,8
2025-11-17 14:30:00,94769.32,-33.060594000000215,5,8
2025-11-17 15:00:00,94530.71,-27.238510000000208,5,8
2025-11-17 15:30:00,93959.67,-13.305134000000006,5,8
2025-11-17 16:00:00,93480.29,-1.6082619999998968,5,8
2025-11-17 16:30:00,94306.0,-21.755586000000054,5,8
2025-11-17 17:00:00,93532.63,-2.88535800000016,5,8
2025-11-17 17:30:00,92767.49,15.784057999999826,5,8
2025-11-17 18:00:00,92462.98,0.0,0,0
2025-11-17 18:30:00,92549.01,-0.08602999999999884,0,1
2025-11-17 19:00:00,92280.35,0.1826299999999901,0,1
2025-11-17 19:30:00,91678.93,1.3854700000000157,0,2
2025-11-17 20:00:00,91767.28,1.0762449999999955,0,3
2025-11-17 20:30:00,91920.59,0.18704700000000896,0,4
2025-11-17 21:00:00,91783.31,0.983271000000002,0,4
2025-11-17 21:30:00,91959.71,-0.03984900000004843,0,4
2025-11-17 22:00:00,92172.75,-1.2754810000000114,0,4
2025-11-17 22:30:00,92247.63,-1.7097850000000383,0,4
2025-11-17 23:00:00,91884.37,0.39712300000001566,0,4
2025-11-17 23:30:00,92215.14,-1.521343000000008,0,4
2025-11-18 00:00:00,92029.83,-0.4465450000000215,0,4
2025-11-18 00:30:00,92169.86,-1.2587190000000148,0,4
2025-11-18 01:00:00,91798.86,0.8930809999999854,0,4
2025-11-18 01:30:00,91714.29,1.3835870000000257,0,4
2025-11-18 02:00:00,91670.89,1.7828669999999722,0,5
2025-11-18 02:30:00,90866.01,9.187763000000015,0,5
2025-11-18 03:00:00,90027.77,21.174594999999883,0,6
2025-11-18 03:30:00,90842.72,0.0,0,0
2025-11-18 04:00:00,89924.85,-0.9178699999999954,1,0
2025-11-18 04:30:00,90081.9,-0.760820000000007,1,0
2025-11-18 05:00:00,90193.68,-0.6490400000000082,1,0
2025-11-18 05:30:00,90221.33,-0.6213899999999994,1,0
2025-11-18 06:00:00,90066.39,-0.7763300000000017,1,0
2025-11-18 06:30:00,89651.3,-1.1914199999999984,1,0
2025-11-18 07:00:00,90155.29,-1.1914199999999981,1,1
2025-11-18 07:30:00,90512.1,-1.1914199999999981,1,1
2025-11-18 08:00:00,90842.01,-0.8615100000000094,2,1
2025-11-18 08:30:00,91220.0,0.0834650000000039,3,1
2025-11-18 09:00:00,90934.0,-1.2893349999999961,4,1
2025-11-18 09:30:00,91400.01,0.9475129999999785,4,1
2025-11-18 10:00:00,91340.79,0.4619089999999688,5,1
2025-11-18 10:30:00,91585.02,3.7101680000001087,6,1
2025-11-18 11:00:00,91468.65,1.266397999999901,7,1
2025-11-18 11:30:00,91517.82,2.29896800000017,7,1
2025-11-18 12:00:00,91222.71,-3.8983419999998423,7,1
2025-11-18 12:30:00,91518.54,2.314087999999888,7,1
2025-11-18 13:00:00,91288.58,-2.5150719999999405,7,1
2025-11-18 13:30:00,91476.56,1.4325079999999746,7,1
2025-11-18 14:00:00,91785.82,7.926968000000169,7,1
2025-11-18 14:30:00,91359.29,-5.977910000000267,8,1
2025-11-18 15:00:00,92801.62,41.04204799999979,8,1
2025-11-18 15:30:00,92910.1,0.0,0,0
2025-11-18 16:00:00,93733.14,0.0,0,0
2025-11-18 16:30:00,93499.16,-0.23397999999999594,1,0
2025-11-18 17:00:00,92963.58,-1.3051399999999993,2,0
2025-11-18 17:30:00,93256.92,-0.7184600000000064,2,0
2025-11-18 18:00:00,93231.99,-0.7683199999999925,2,0
2025-11-18 18:30:00,93331.08,-0.5701399999999994,2,0
2025-11-18 19:00:00,93442.74,-0.3468199999999924,2,0
2025-11-18 19:30:00,93195.61,-1.2117750000000087,3,0
2025-11-18 20:00:00,93133.23,-1.430105000000025,3,0
2025-11-18 20:30:00,92783.36,-2.6546500000000086,3,0
2025-11-18 21:00:00,92940.66,-2.1040999999999985,3,0
2025-11-18 21:30:00,92491.59,-3.6758450000000233,3,0
2025-11-18 22:00:00,93246.88,-1.7876200000000027,3,1
2025-11-18 22:30:00,93160.0,-2.0048200000000147,3,1
2025-11-18 23:00:00,92829.95,-2.8299450000000217,3,1
2025-11-18 23:30:00,92960.83,-2.50274500000001,3,1
2025-11-19 00:00:00,92301.53,-4.150995000000018,3,1
2025-11-19 00:30:00,92416.51,-3.978525000000024,3,2
2025-11-19 01:00:00,92431.0,-3.956790000000016,3,2
2025-11-19 01:30:00,92439.99,-3.943305000000008,3,2
2025-11-19 02:00:00,92612.33,-3.684795000000013,3,2
2025-11-19 02:30:00,92569.12,-3.7496100000000228,3,2
2025-11-19 03:00:00,92299.9,-4.153440000000024,3,2
2025-11-19 03:30:00,91874.52,-4.791510000000009,3,2
2025-11-19 04:00:00,91694.96,-4.7915100000000095,3,3
2025-11-19 04:30:00,91163.2,-3.568461999999988,3,4
2025-11-19 05:00:00,90840.55,-1.729357000000022,3,5
2025-11-19 05:30:00,90459.99,2.3806909999999517,3,6
2025-11-19 06:00:00,90815.99,-4.205309000000046,3,7
2025-11-19 06:30:00,90990.87,-9.469196999999749,3,8
2025-11-19 07:00:00,91270.65,-17.89057499999971,3,8
2025-11-19 07:30:00,91863.64,-35.73957399999987,3,8
2025-11-19 08:00:00,91923.78,-37.54978799999985,3,8
2025-11-19 08:30:00,91470.44,-23.90425399999996,3,8
2025-11-19 09:00:00,91292.81,-18.557590999999817,3,8
2025-11-19 09:30:00,91513.72,-25.206981999999925,3,8
2025-11-19 10:00:00,91500.01,-24.79431099999973,3,8
2025-11-19 10:30:00,91314.75,-19.217984999999892,3,8
2025-11-19 11:00:00,91550.4,-26.311049999999714,3,8
2025-11-19 11:30:00,91410.22,-22.091631999999922,3,8
2025-11-19 12:00:00,91362.84,-20.665493999999786,3,8
2025-11-19 12:30:00,91780.0,-33.22200999999989,3,8
2025-11-19 13:00:00,91789.75,-33.515484999999885,3,8
2025-11-19 13:30:00,91405.02,-21.93511200000001,3,8
2025-11-19 14:00:00,91121.93,-13.414102999999677,3,8
2025-11-19 14:30:00,91713.44,-31.218553999999962,3,8
2025-11-19 15:00:00,91235.13,-16.82142300000003,3,8
2025-11-19 15:30:00,89951.7,21.8098200000002,3,8
2025-11-19 16:00:00,89696.37,0.0,0,0
2025-11-19 16:30:00,89905.78,-0.2094100000000035,0,1
2025-11-19 17:00:00,89527.7,0.16866999999999827,0,1
2025-11-19 17:30:00,89500.01,0.2240500000000029,0,2
2025-11-19 18:00:00,89068.26,1.087550000000003,0,2
2025-11-19 18:30:00,89237.83,0.49405499999997843,0,3
2025-11-19 19:00:00,88954.2,1.4867599999999945,0,3
2025-11-19 19:30:00,88884.56,1.8906719999999912,0,4
2025-11-19 20:00:00,89396.23,-2.8166919999999926,0,5
2025-11-19 20:30:00,89516.91,-3.926948000000062,0,5
2025-11-19 21:00:00,90118.0,-9.45697600000003,0,5
2025-11-19 21:30:00,90600.68,-13.897631999999966,0,5
2025-11-19 22:00:00,90594.86,-13.849908000000028,1,5
2025-11-19 22:30:00,90480.56,-13.026948000000008,2,5
2025-11-19 23:00:00,91391.08,-19.582692000000037,2,5
2025-11-19 23:30:00,91554.96,-20.51680800000006,3,5
2025-11-20 00:00:00,91855.18,-21.537556000000016,4,5
2025-11-20 00:30:00,91891.32,-21.537556000000016,5,5
2025-11-20 01:00:00,92227.82,-19.821406000000014,6,5
2025-11-20 01:30:00,92590.13,-15.183838000000048,7,5
2025-11-20 02:00:00,92497.47,-17.44474200000013,8,5
2025-11-20 02:30:00,92592.84,-15.117714000000245,8,5
2025-11-20 03:00:00,92380.55,-20.29759000000009,8,5
2025-11-20 03:30:00,92440.32,-18.839201999999986,8,5
2025-11-20 04:00:00,92289.91,-22.509206000000074,8,5
2025-11-20 04:30:00,92962.83,-6.089958000000111,8,5
2025-11-20 05:00:00,92679.34,-13.007114000000243,8,5
2025-11-20 05:30:00,92616.2,-14.547730000000232,8,5
2025-11-20 06:00:00,92447.19,-18.6715740000001,8,5
2025-11-20 06:30:00,91974.7,-30.20033000000023,8,5
2025-11-20 07:00:00,91936.44,-31.133874000000105,8,5
2025-11-20 07:30:00,92320.18,-21.77061800000033,8,5
2025-11-20 08:00:00,92278.79,-22.780534000000316,8,5
2025-11-20 08:30:00,92128.22,-26.45444200000013,8,5
2025-11-20 09:00:00,91819.28,-33.99257800000019,8,5
2025-11-20 09:30:00,91950.0,-30.803010000000157,8,5
2025-11-20 10:00:00,91973.05,-30.24059000000009,8,5
2025-11-20 10:30:00,91801.39,-34.42909400000018,8,5
2025-11-20 11:00:00,91564.79,-40.202134000000314,8,5
2025-11-20 11:30:00,91934.0,-31.193410000000156,8,5
2025-11-20 12:00:00,91733.65,-36.081950000000305,8,5
2025-11-20 12:30:00,91839.25,-33.50531000000016,8,5
2025-11-20 13:00:00,91917.97,-31.584542000000134,8,5
2025-11-20 13:30:00,91529.36,-41.06662600000014,8,5
2025-11-20 14:00:00,91452.53,-42.94127800000019,8,5
2025-11-20 14:30:00,91103.19,-51.4651740000001,8,5
2025-11-20 15:00:00,90629.88,-63.013938000000046,8,5
2025-11-20 15:30:00,89869.88,-81.55793800000006,8,5
2025-11-20 16:00:00,88709.52,-109.87072200000004,8,5
2025-11-20 16:30:00,87878.1,0.0,0,0
2025-11-20 17:00:00,87132.0,0.7461000000000059,0,1
2025-11-20 17:30:00,87233.81,0.5424800000000105,0,2
2025-11-20 18:00:00,86960.28,1.4998350000000065,0,3
2025-11-20 18:30:00,86486.27,4.249092999999975,0,4
2025-11-20 19:00:00,86928.0,0.1851770000000137,0,5
2025-11-20 19:30:00,86921.28,0.2812730000000304,0,6
2025-11-20 20:00:00,87056.71,-2.6981870000001367,0,7
2025-11-20 20:30:00,86462.97,17.25147700000004,0,8
2025-11-20 21:00:00,87154.64,0.0,0,0
2025-11-20 21:30:00,87282.6,0.1279600000000064,1,0
2025-11-20 22:00:00,88131.31,1.8253799999999902,2,0
2025-11-20 22:30:00,88065.97,1.5966900000000022,3,0
2025-11-20 23:00:00,87265.51,-3.045978000000035,4,0
2025-11-20 23:30:00,86637.23,-6.690002000000028,4,0
2025-11-21 00:00:00,87281.37,-2.953990000000031,4,0
2025-11-21 00:30:00,87285.24,-2.931543999999974,4,0
2025-11-21 01:00:00,87281.96,-2.950567999999967,4,0
2025-11-21 01:30:00,87049.86,-4.296748000000001,4,0
2025-11-21 02:00:00,86503.13,-7.4677819999999775,4,0
2025-11-21 02:30:00,85444.93,-13.605342000000045,4,0
2025-11-21 03:00:00,85690.07,-12.428669999999979,4,1
2025-11-21 03:30:00,85821.34,-11.929844000000019,4,2
2025-11-21 04:00:00,85850.86,-11.861948000000007,4,3
2025-11-21 04:30:00,86053.09,-11.396819000000018,4,3
2025-11-21 05:00:00,86208.42,-11.039560000000012,4,3
2025-11-21 05:30:00,86195.08,-11.070242000000004,4,3
2025-11-21 06:00:00,85633.4,-12.362106000000022,4,3
2025-11-21 06:30:00,85581.3,-12.362106000000024,4,4
2025-11-21 07:00:00,85205.17,-12.362106000000024,4,4
2025-11-21 07:30:00,84049.39,-8.43245400000003,4,5
2025-11-21 08:00:00,84223.36,-9.911199000000035,4,6
2025-11-21 08:30:00,83643.45,-0.5166569999999764,4,7
2025-11-21 09:00:00,83079.79,15.153091000000117,4,8
2025-11-21 09:30:00,82207.84,0.0,0,0
2025-11-21 10:00:00,82057.68,0.15016000000000349,0,1
2025-11-21 10:30:00,82703.61,-1.1417000000000117,0,2
2025-11-21 11:00:00,82925.23,-1.5849400000000022,0,2
2025-11-21 11:30:00,82309.66,-0.35380000000001743,0,2
2025-11-21 12:00:00,80945.66,4.420199999999983,0,3
2025-11-21 12:30:00,83285.35,-9.150002000000033,0,4
2025-11-21 13:00:00,83429.91,-9.84389000000002,1,4
2025-11-21 13:30:00,84115.28,-13.133665999999998,1,4
2025-11-21 14:00:00,83689.7,-11.51646199999999,2,4
2025-11-21 14:30:00,84850.0,-14.185151999999999,3,4
2025-11-21 15:00:00,83623.77,-14.185151999999999,4,4
2025-11-21 15:30:00,82932.47,-14.185151999999999,4,4
2025-11-21 16:00:00,83282.12,-14.185151999999999,4,4
2025-11-21 16:30:00,84919.59,-14.185151999999997,4,4
2025-11-21 17:00:00,85205.27,-13.213839999999973,5,4
2025-11-21 17:30:00,84877.07,-16.003539999999944,6,4
2025-11-21 18:00:00,84065.67,-29.148220000000087,7,4
2025-11-21 18:30:00,84577.11,-20.862892000000052,7,4
2025-11-21 19:00:00,84894.66,-15.718582000000003,7,4
2025-11-21 19:30:00,84209.3,-34.77159000000002,8,4
2025-11-21 20:00:00,83537.47,-53.44846400000006,8,4
2025-11-21 20:30:00,84571.2,-24.71077000000018,8,4
2025-11-21 21:00:00,84963.57,-13.802883999999906,8,4
2025-11-21 21:30:00,85182.14,-7.726638000000117,8,4
2025-11-21 22:00:00,84828.99,-17.544207999999955,8,4
2025-11-21 22:30:00,84284.42,-32.68325400000015,8,4
2025-11-21 23:00:00,85032.63,-11.883015999999971,8,4
2025-11-21 23:30:00,85129.43,-9.191976000000295,8,4
2025-11-22 00:00:00,84895.97,-15.68216400000007,8,4
2025-11-22 00:30:00,84739.93,-20.020076000000294,8,4
2025-11-22 01:00:00,84887.03,-15.930696000000134,8,4
2025-11-22 01:30:00,85174.28,-7.945146000000132,8,4
2025-11-22 02:00:00,84693.08,-21.322506000000054,8,4
2025-11-22 02:30:00,84528.99,-25.88420799999995,8,4
2025-11-22 03:00:00,84424.4,-28.79181000000026,8,4
2025-11-22 03:30:00,84440.47,-28.345064000000065,8,4
2025-11-22 04:00:00,84000.72,-40.57011400000006,8,4
2025-11-22 04:30:00,84246.88,-33.726865999999966,8,4
2025-11-22 05:00:00,84083.31,-38.27411200000016,8,4
2025-11-22 05:30:00,84280.92,-32.780554000000144,8,4
2025-11-22 06:00:00,84506.0,-26.5233300000001,8,4
2025-11-22 06:30:00,84636.0,-22.9093300000001,8,4
2025-11-22 07:00:00,84494.41,-26.845532000000006,8,4
2025-11-22 07:30:00,84580.06,-24.464462000000168,8,4
2025-11-22 08:00:00,84224.54,-34.34791800000028,8,4
2025-11-22 08:30:00,84016.77,-40.12392399999999,8,4
2025-11-22 09:00:00,84107.34,-37.6060780000002,8,4
2025-11-22 09:30:00,83929.52,-42.549474,8,4
2025-11-22 10:00:00,83686.17,-49.31460400000015,8,4
2025-11-22 10:30:00,83693.25,-49.1177800000001,8,4
2025-11-22 11:00:00,84227.26,-34.272302000000245,8,4
2025-11-22 11:30:00,84098.94,-37.83959800000004,8,4
2025-11-22 12:00:00,83666.32,-49.86643399999991,8,4
2025-11-22 12:30:00,83884.0,-43.8149300000001,8,4
2025-11-22 13:00:00,83889.15,-43.67176000000027,8,4
2025-11-22 13:30:00,83947.89,-42.03878800000012,8,4
2025-11-22 14:00:00,84581.7,-24.41887000000018,8,4
2025-11-22 14:30:00,84494.4,-26.845810000000263,8,4
2025-11-22 15:00:00,84433.61,-28.535772000000083,8,4
2025-11-22 15:30:00,84284.01,-32.69465200000025,8,4
2025-11-22 16:00:00,84600.08,-23.90790600000005,8,4
2025-11-22 16:30:00,84694.66,-21.278582000000004,8,4
2025-11-22 17:00:00,84703.31,-21.03811200000016,8,4
2025-11-22 17:30:00,84554.2,-25.18337000000018,8,4
2025-11-22 18:00:00,84598.0,-23.9657300000001,8,4
2025-11-22 18:30:00,84659.79,-22.247968000000277,8,4
2025-11-22 19:00:00,84617.88,-23.413065999999972,8,4
2025-11-22 19:30:00,84609.76,-23.638802000000247,8,4
2025-11-22 20:00:00,84759.02,-19.48937399999999,8,4
2025-11-22 20:30:00,84474.41,-27.401532000000003,8,4
2025-11-22 21:00:00,84308.01,-32.02745200000025,8,4
2025-11-22 21:30:00,84411.3,-29.15599000000002,8,4
2025-11-22 22:00:00,84616.51,-23.451152000000246,8,4
2025-11-22 22:30:00,85072.88,-10.76406599999997,8,4
2025-11-22 23:00:00,84859.32,-16.701033999999908,8,4
2025-11-22 23:30:00,84739.74,-20.025357999999954,8,4
2025-11-23 00:00:00,85067.87,-10.903344000000228,8,4
2025-11-23 00:30:00,84971.74,-13.575757999999958,8,4
2025-11-23 01:00:00,85530.39,1.9547119999998834,8,4
2025-11-23 01:30:00,85879.83,11.66914399999995,8,4
2025-11-23 02:00:00,86042.62,0.0,0,0
2025-11-23 02:30:00,86000.34,0.0,0,0
2025-11-23 03:00:00,85945.04,0.0,0,0
2025-11-23 03:30:00,86308.54,0.0,0,0
2025-11-23 04:00:00,86502.0,0.1934600000000064,1,0
2025-11-23 04:30:00,86548.2,0.2858600000000006,2,0
2025-11-23 05:00:00,86235.61,-0.8082049999999872,3,0
2025-11-23 05:30:00,86358.28,-0.37885999999999337,3,0
2025-11-23 06:00:00,86164.95,-1.0555149999999993,3,0
2025-11-23 06:30:00,85864.68,-2.1064600000000135,3,0
2025-11-23 07:00:00,85522.67,-3.3034949999999954,3,0
2025-11-23 07:30:00,85782.19,-2.6546949999999856,3,1
2025-11-23 08:00:00,85988.88,-2.1379699999999793,3,1
2025-11-23 08:30:00,86137.19,-1.7671949999999854,3,1
2025-11-23 09:00:00,86161.43,-1.7065950000000085,3,1
2025-11-23 09:30:00,86393.02,-1.1276199999999807,3,1
2025-11-23 10:00:00,86164.3,-1.699419999999984,3,1
2025-11-23 10:30:00,86066.23,-1.9445950000000014,3,1
2025-11-23 11:00:00,86046.47,-1.9939949999999882,3,1
2025-11-23 11:30:00,86331.28,-1.281969999999994,3,1
2025-11-23 12:00:00,86777.01,-0.16764500000000404,3,1
2025-11-23 12:30:00,86530.04,-1.3531010000000097,4,1
2025-11-23 13:00:00,86478.51,-1.6004450000000041,4,1
2025-11-23 13:30:00,86928.31,0.5585950000000097,4,1
2025-11-23 14:00:00,86789.86,-0.5766949999999662,5,1
2025-11-23 14:30:00,86547.4,-2.5648670000000187,5,1
2025-11-23 15:00:00,86692.61,-1.3741449999999662,5,1
2025-11-23 15:30:00,87087.44,1.8634610000000484,5,1
2025-11-23 16:00:00,87065.55,1.5723240000000556,6,1
2025-11-23 16:30:00,86685.6,-3.4810109999999055,6,1
2025-11-23 17:00:00,86889.24,-0.7725989999999132,6,1
2025-11-23 17:30:00,86746.51,-2.6709080000000527,6,1
2025-11-23 18:00:00,86888.47,-0.7828399999999676,6,1
2025-11-23 18:30:00,86995.02,0.6342750000000716,6,1
2025-11-23 19:00:00,87332.64,5.124621000000008,6,1
2025-11-23 19:30:00,87325.01,4.964390999999912,7,1
2025-11-23 20:00:00,87623.91,11.241291000000096,7,1
2025-11-23 20:30:00,87483.36,0.0,0,0
2025-11-23 21:00:00,87596.74,0.0,0,0
2025-11-23 21:30:00,87992.02,0.0,0,0
2025-11-23 22:00:00,87904.34,-0.08768000000000757,1,0
2025-11-23 22:30:00,88004.0,0.011979999999995926,1,0
2025-11-23 23:00:00,87064.04,-0.9279800000000105,1,0
2025-11-23 23:30:00,86830.0,-0.9279800000000105,1,1
2025-11-24 00:00:00,86445.49,-0.5434700000000157,1,2
2025-11-24 00:30:00,86740.64,-1.2813450000000013,1,3
2025-11-24 01:00:00,86827.47,-1.6981290000000095,1,4
2025-11-24 01:30:00,87068.51,-2.8551209999999787,1,4
2025-11-24 02:00:00,87713.86,-5.952801000000006,1,4
2025-11-24 02:30:00,87518.22,-5.013729000000009,1,4
2025-11-24 03:00:00,87616.78,-5.4868169999999985,1,4
2025-11-24 03:30:00,87460.02,-4.734369000000023,1,4
2025-11-24 04:00:00,86602.88,-0.6200970000000263,1,4
2025-11-24 04:30:00,86738.37,-1.7311149999999498,1,5
2025-11-24 05:00:00,87630.5,-9.046580999999987,1,5
2025-11-24 05:30:00,87468.29,-7.716458999999935,1,5
2025-11-24 06:00:00,87161.43,-5.2002069999999305,1,5
2025-11-24 06:30:00,86910.78,-3.144876999999979,1,5
2025-11-24 07:00:00,86880.36,-2.8954329999999926,1,5
2025-11-24 07:30:00,87050.39,-4.289678999999984,1,5
2025-11-24 08:00:00,86832.99,-2.5069990000000306,1,5
2025-11-24 08:30:00,86961.51,-3.5608629999999453,1,5
2025-11-24 09:00:00,85943.63,4.785752999999973,1,5
2025-11-24 09:30:00,85944.91,4.76872899999999,1,6
2025-11-24 10:00:00,85825.31,7.28032900000011,1,7
2025-11-24 10:30:00,86049.74,-0.03608900000013504,1,8
2025-11-24 11:00:00,86079.57,-1.0085470000001924,1,8
2025-11-24 11:30:00,86264.72,-7.044437000000002,1,8
2025-11-24 12:00:00,86199.98,-4.933912999999832,1,8
2025-11-24 12:30:00,86003.0,1.487635000000036,1,8
2025-11-24 13:00:00,86513.5,-15.154664999999966,1,8
2025-11-24 13:30:00,86160.0,-3.6305649999999643,1,8
2025-11-24 14:00:00,85935.63,3.6838969999998836,1,8
2025-11-24 14:30:00,86171.14,-3.993728999999946,1,8
2025-11-24 15:00:00,86086.82,-1.2448970000001922,1,8
2025-11-24 15:30:00,86616.44,-18.51050900000004,1,8
2025-11-24 16:00:00,87229.98,-38.511912999999836,1,8
2025-11-24 16:30:00,87174.5,-36.70326499999996,1,8
2025-11-24 17:00:00,87717.41,-54.40213100000008,1,8
2025-11-24 17:30:00,88369.91,-75.67363100000007,1,8
2025-11-24 18:00:00,88359.19,-75.33487900000003,2,8
2025-11-24 18:30:00,88715.31,-86.0540909999999,3,8
2025-11-24 19:00:00,88635.7,-83.8409329999999,4,8
2025-11-24 19:30:00,88327.29,-76.3157289999998,5,8
2025-11-24 20:00:00,88884.61,-89.91433699999997,5,8
2025-11-24 20:30:00,89089.06,-93.86022199999991,6,8
2025-11-24 21:00:00,88917.31,-91.86792199999991,7,8
2025-11-24 21:30:00,88766.15,-90.11446599999988,7,8
2025-11-24 22:00:00,88784.35,-90.32558600000002,7,8
2025-11-24 22:30:00,88636.54,-88.61098999999986,7,8
2025-11-24 23:00:00,88617.55,-88.39070599999997,7,8
2025-11-24 23:30:00,88300.01,-84.70724199999988,7,8
2025-11-25 00:00:00,87887.28,-79.91957399999993,7,8
2025-11-25 00:30:00,88100.0,-82.38712599999994,7,8
2025-11-25 01:00:00,88048.61,-81.79100199999995,7,8
2025-11-25 01:30:00,87732.83,-78.12795399999996,7,8
2025-11-25 02:00:00,87627.96,-76.91146200000001,7,8
2025-11-25 02:30:00,87909.4,-80.17616599999988,7,8
2025-11-25 03:00:00,87940.19,-80.53332999999998,7,8
2025-11-25 03:30:00,87822.12,-79.16371799999989,7,8
2025-11-25 04:00:00,88031.81,-81.59612199999992,7,8
2025-11-25 04:30:00,88341.14,-85.18434999999992,7,8
2025-11-25 05:00:00,88005.95,-81.29614599999991,7,8
2025-11-25 05:30:00,88120.82,-82.62863800000002,7,8
2025-11-25 06:00:00,87944.06,-80.57822199999991,7,8
2025-11-25 06:30:00,88003.97,-81.27317799999994,7,8
2025-11-25 07:00:00,87699.78,-77.74457399999991,7,8
2025-11-25 07:30:00,87384.81,-74.0909219999999,7,8
2025-11-25 08:00:00,87532.36,-75.80250199999995,7,8
2025-11-25 08:30:00,87009.82,-69.74103800000003,7,8
2025-11-25 09:00:00,86684.8,-65.97080599999998,7,8
2025-11-25 09:30:00,87231.76,-72.31554199999988,7,8
2025-11-25 10:00:00,87215.1,-72.12228600000002,7,8
2025-11-25 10:30:00,87411.01,-74.39484199999987,7,8
2025-11-25 11:00:00,87426.93,-74.57951399999985,7,8
2025-11-25 11:30:00,87361.71,-73.82296200000002,7,8
2025-11-25 12:00:00,87636.0,-77.00472599999995,7,8
2025-11-25 12:30:00,87509.99,-75.54301000000001,7,8
2025-11-25 13:00:00,87625.76,-76.88594199999987,7,8
2025-11-25 13:30:00,87083.01,-70.5900419999999,7,8
2025-11-25 14:00:00,87180.07,-71.71593800000004,7,8
2025-11-25 14:30:00,86741.55,-66.62910599999998,7,8
2025-11-25 15:00:00,86760.94,-66.85402999999997,7,8
2025-11-25 15:30:00,86988.94,-69.49882999999997,7,8
2025-11-25 16:00:00,87236.74,-72.37331,7,8
2025-11-25 16:30:00,87121.31,-71.03432199999992,7,8
2025-11-25 17:00:00,87493.44,-75.35102999999998,7,8
2025-11-25 17:30:00,87625.89,-76.88744999999994,7,8
2025-11-25 18:00:00,87646.63,-77.12803399999999,7,8
2025-11-25 18:30:00,87239.29,-72.40288999999986,7,8
2025-11-25 19:00:00,86296.82,-61.470238000000016,7,8
2025-11-25 19:30:00,86882.85,-68.26818600000001,7,8
2025-11-25 20:00:00,87054.0,-70.25352599999994,7,8
2025-11-25 20:30:00,87382.7,-74.06644599999991,7,8
2025-11-25 21:00:00,87295.74,-73.05771,7,8
2025-11-25 21:30:00,87032.37,-70.00261799999988,7,8
2025-11-25 22:00:00,87136.32,-71.20843800000003,7,8
2025-11-25 22:30:00,87642.41,-77.07908199999997,7,8
2025-11-25 23:00:00,87534.25,-75.82442599999995,7,8
2025-11-25 23:30:00,87369.96,-73.91866200000001,7,8
2025-11-26 00:00:00,87630.66,-76.94278199999998,7,8
2025-11-26 00:30:00,87573.51,-76.27984199999989,7,8
2025-11-26 01:00:00,87591.6,-76.489686,7,8
2025-11-26 01:30:00,87921.94,-80.32162999999997,7,8
2025-11-26 02:00:00,87808.03,-79.00027399999993,7,8
2025-11-26 02:30:00,87711.82,-77.88423800000002,7,8
2025-11-26 03:00:00,87823.89,-79.18424999999993,7,8
2025-11-26 03:30:00,87119.92,-71.01819799999991,7,8
2025-11-26 04:00:00,87242.1,-72.435486,7,8
2025-11-26 04:30:00,87230.23,-72.29779399999988,7,8
2025-11-26 05:00:00,87549.48,-76.00109399999991,7,8
2025-11-26 05:30:00,87519.53,-75.65367399999994,7,8
2025-11-26 06:00:00,87613.54,-76.74418999999986,7,8
2025-11-26 06:30:00,87794.0,-78.83752599999994,7,8
2025-11-26 07:00:00,87799.99,-78.90701,7,8
2025-11-26 07:30:00,87935.05,-80.47370599999996,7,8
2025-11-26 08:00:00,87557.31,-76.09192199999991,7,8
2025-11-26 08:30:00,87424.8,-74.55480599999999,7,8
2025-11-26 09:00:00,87115.23,-70.9637939999999,7,8
2025-11-26 09:30:00,86825.27,-67.600258,7,8
2025-11-26 10:00:00,86868.08,-68.09685399999996,7,8
2025-11-26 10:30:00,86955.17,-69.10709799999992,7,8
2025-11-26 11:00:00,86896.44,-68.42582999999996,7,8
2025-11-26 11:30:00,87095.79,-70.73828999999988,7,8
2025-11-26 12:00:00,86520.98,-64.07049399999991,7,8
2025-11-26 12:30:00,86643.08,-65.48685399999995,7,8
2025-11-26 13:00:00,86718.6,-66.362886,7,8
2025-11-26 13:30:00,87128.51,-71.11784199999988,7,8
2025-11-26 14:00:00,87308.45,-73.20514599999989,7,8
2025-11-26 14:30:00,86899.73,-68.46399399999989,7,8
2025-11-26 15:00:00,87261.25,-72.65762599999994,7,8
2025-11-26 15:30:00,86978.0,-69.37192599999995,7,8
2025-11-26 16:00:00,87594.44,-76.52262999999996,7,8
2025-11-26 16:30:00,87820.01,-79.13924199999988,7,8
2025-11-26 17:00:00,88663.14,-88.91954999999993,7,8
2025-11-26 17:30:00,89830.79,-102.46428999999986,7,8
2025-11-26 18:00:00,90349.26,0.0,0,0
2025-11-26 18:30:00,90145.69,-0.20356999999999242,1,0
2025-11-26 19:00:00,89790.41,-0.5588499999999913,1,0
2025-11-26 19:30:00,89957.36,-0.3918999999999942,1,0
2025-11-26 20:00:00,90000.35,-0.34890999999998895,1,0
2025-11-26 20:30:00,89866.82,-0.48243999999998777,1,0
2025-11-26 21:00:00,90270.0,-0.07925999999999477,1,0
2025-11-26 21:30:00,90195.99,-0.22727999999998427,2,0
2025-11-26 22:00:00,90336.91,0.054560000000012224,2,0
2025-11-26 22:30:00,90386.57,0.15388000000001922,2,0
2025-11-26 23:00:00,90337.44,0.0556200000000099,2,0
2025-11-26 23:30:00,90484.02,0.3487800000000134,2,0
2025-11-27 00:00:00,90218.01,-0.5822550000000193,3,0
2025-11-27 00:30:00,90485.85,0.35518500000001946,3,0
2025-11-27 01:00:00,90719.2,1.171909999999989,3,0
2025-11-27 01:30:00,91145.78,3.646073999999999,4,0
2025-11-27 02:00:00,91480.0,6.720898000000011,5,0
2025-11-27 02:30:00,91389.21,5.4226010000001015,6,0
2025-11-27 03:00:00,91334.53,4.2196409999999345,7,0
2025-11-27 03:30:00,91091.68,-1.123059000000193,7,0
2025-11-27 04:00:00,91125.69,-0.3748389999999884,7,0
2025-11-27 04:30:00,91277.06,2.955300999999909,7,0
2025-11-27 05:00:00,91489.02,7.618421000000051,7,0
2025-11-27 05:30:00,90967.54,-9.903307000000302,8,0
2025-11-27 06:00:00,91382.0,4.022548999999914,8,0
2025-11-27 06:30:00,91244.58,-0.5947630000000284,8,0
2025-11-27 07:00:00,91442.95,6.0704689999998145,8,0
2025-11-27 07:30:00,91408.34,4.907572999999797,8,0
2025-11-27 08:00:00,91368.81,3.579364999999836,8,0
2025-11-27 08:30:00,91492.02,7.71922100000005,8,0
2025-11-27 09:00:00,91601.53,11.398756999999874,8,0
2025-11-27 09:30:00,91561.67,0.0,0,0
2025-11-27 10:00:00,91650.57,0.0,0,0
2025-11-27 10:30:00,91613.51,0.0,0,0
2025-11-27 11:00:00,91361.39,0.0,0,0
2025-11-27 11:30:00,91371.88,-0.010490000000005238,0,1
2025-11-27 12:00:00,91277.32,0.08406999999999243,0,1
2025-11-27 12:30:00,90986.56,0.3748300000000018,0,1
2025-11-27 13:00:00,90715.05,0.9178499999999912,0,2
2025-11-27 13:30:00,90852.78,0.4357950000000055,0,3
2025-11-27 14:00:00,90951.57,0.09002999999997702,0,3
2025-11-27 14:30:00,90789.68,0.6566450000000258,0,3
2025-11-27 15:00:00,90931.97,-0.16863700000002135,0,4
2025-11-27 15:30:00,90958.3,-0.32135100000003153,0,4
2025-11-27 16:00:00,91206.69,-1.762013000000028,0,4
2025-11-27 16:30:00,91467.13,-3.2725650000000415,0,4
2025-11-27 17:00:00,91370.76,-2.7136189999999845,0,4
2025-11-27 17:30:00,91479.3,-3.3431510000000313,0,4
2025-11-27 18:00:00,91420.68,-3.003154999999974,0,4
2025-11-27 18:30:00,91791.99,-5.1567530000000446,0,4
2025-11-27 19:00:00,91620.13,-4.159965000000042,0,4
2025-11-27 19:30:00,91528.21,-3.6268290000000514,0,4
2025-11-27 20:00:00,91429.56,-3.054659000000001,0,4
2025-11-27 20:30:00,91433.17,-3.0755970000000046,0,4
2025-11-27 21:00:00,91528.5,-3.6285110000000147,0,4
2025-11-27 21:30:00,91416.99,-2.981753000000045,0,4
2025-11-27 22:00:00,91569.77,-3.867877000000038,0,4
2025-11-27 22:30:00,91317.65,-2.405580999999981,0,4
2025-11-27 23:00:00,91386.48,-2.804794999999991,0,4
2025-11-27 23:30:00,91333.95,-2.500120999999998,0,4
2025-11-28 00:00:00,91232.01,-1.9088689999999842,0,4
2025-11-28 00:30:00,91207.34,-1.7657829999999943,0,4
2025-11-28 01:00:00,90945.0,-0.2442110000000146,0,4
2025-11-28 01:30:00,90804.56,0.5703409999999989,0,4
2025-11-28 02:00:00,90690.1,1.2342089999999515,0,4
2025-11-28 02:30:00,91083.08,-1.0450750000000246,0,4
2025-11-28 03:00:00,91212.38,-1.7950150000000415,0,4
2025-11-28 03:30:00,91208.85,-1.7745410000000483,0,4
2025-11-28 04:00:00,91411.87,-2.9520569999999875,0,4
2025-11-28 04:30:00,91424.02,-3.0225270000000384,0,4
2025-11-28 05:00:00,91523.36,-3.598699000000018,0,4
2025-11-28 05:30:00,91612.09,-4.113332999999994,0,4
2025-11-28 06:00:00,91303.25,-2.322061000000015,0,4
2025-11-28 06:30:00,91300.69,-2.3072130000000284,0,4
2025-11-28 07:00:00,91481.34,-3.3549829999999945,0,4
2025-11-28 07:30:00,90910.87,-0.046256999999987614,0,4
2025-11-28 08:00:00,91148.1,-1.4221910000000484,0,4
2025-11-28 08:30:00,91690.0,-4.565211000000015,0,4
2025-11-28 09:00:00,91630.79,-4.221792999999978,0,4
2025-11-28 09:30:00,91599.99,-4.043153000000045,0,4
2025-11-28 10:00:00,91568.16,-3.858539000000035,0,4
2025-11-28 10:30:00,91850.49,-5.496053000000044,0,4
2025-11-28 11:00:00,91283.17,-2.7729170000000116,1,4
2025-11-28 11:30:00,91437.64,-3.514373000000017,1,4
2025-11-28 12:00:00,91558.33,-4.093685000000028,1,4
2025-11-28 12:30:00,91513.4,-3.8780209999999915,1,4
2025-11-28 13:00:00,91552.24,-4.064453000000045,1,4
2025-11-28 13:30:00,92377.01,-8.023348999999994,1,4
2025-11-28 14:00:00,92964.17,-10.254557000000009,2,4
2025-11-28 14:30:00,92250.01,-8.611989000000001,3,4
2025-11-28 15:00:00,92668.55,-9.574631000000018,3,4
2025-11-28 15:30:00,92362.49,-9.574631000000018,4,4
2025-11-28 16:00:00,91186.21,-9.57463100000002,4,4
2025-11-28 16:30:00,90936.23,-9.574631000000018,4,4
2025-11-28 17:00:00,90480.01,-9.57463100000002,4,4
2025-11-28 17:30:00,90663.98,-10.20012900000002,4,5
2025-11-28 18:00:00,90791.91,-10.63509100000005,4,5
2025-11-28 18:30:00,90830.57,-10.76653500000006,4,5
2025-11-28 19:00:00,91091.35,-11.653187000000058,4,5
2025-11-28 19:30:00,91157.44,-11.877893000000043,4,5
2025-11-28 20:00:00,91156.76,-11.87558100000002,4,5
2025-11-28 20:30:00,91201.1,-12.026337000000057,4,5
2025-11-28 21:00:00,91137.27,-11.80931500000005,4,5
2025-11-28 21:30:00,90888.01,-10.96183100000002,4,5
2025-11-28 22:00:00,90871.7,-10.906377000000026,4,5
2025-11-28 22:30:00,91122.0,-11.757397000000037,4,5
2025-11-28 23:00:00,90982.16,-11.281941000000048,4,5
2025-11-28 23:30:00,90890.7,-10.970977000000026,4,5
2025-11-29 00:00:00,90895.99,-10.988963000000055,4,5
2025-11-29 00:30:00,90884.01,-10.948231000000018,4,5
2025-11-29 01:00:00,90964.42,-11.22162500000003,4,5
2025-11-29 01:30:00,90881.2,-10.938677000000027,4,5
2025-11-29 02:00:00,90845.27,-10.816515000000049,4,5
2025-11-29 02:30:00,90798.89,-10.658823000000034,4,5
2025-11-29 03:00:00,90720.01,-10.39063100000002,4,5
2025-11-29 03:30:00,90680.26,-10.255481000000017,4,5
2025-11-29 04:00:00,90697.82,-10.31518500000006,4,5
2025-11-29 04:30:00,90901.56,-11.007901000000027,4,5
2025-11-29 05:00:00,90895.69,-10.987943000000048,4,5
2025-11-29 05:30:00,90747.16,-10.482941000000048,4,5
2025-11-29 06:00:00,90549.78,-9.811849000000034,4,5
2025-11-29 06:30:00,90565.29,-9.864583000000016,4,5
2025-11-29 07:00:00,90489.48,-9.606829000000022,4,5
2025-11-29 07:30:00,90567.67,-9.87267500000003,4,5
2025-11-29 08:00:00,90622.93,-10.060559000000012,4,5
2025-11-29 08:30:00,90629.67,-10.083475000000032,4,5
2025-11-29 09:00:00,90528.31,-9.738851000000029,4,5
2025-11-29 09:30:00,90560.08,-9.846869000000044,4,5
2025-11-29 10:00:00,90572.58,-9.889369000000045,4,5
2025-11-29 10:30:00,90552.47,-9.820995000000039,4,5
2025-11-29 11:00:00,90543.1,-9.789137000000057,4,5
2025-11-29 11:30:00,90673.19,-10.231443000000043,4,5
2025-11-29 12:00:00,90557.25,-9.837247000000035,4,5
2025-11-29 12:30:00,90616.01,-10.037031000000018,4,5
2025-11-29 13:00:00,90765.73,-10.546079000000022,4,5
2025-11-29 13:30:00,90783.17,-10.60537500000003,4,5
2025-11-29 14:00:00,90668.48,-10.215429000000022,4,5
2025-11-29 14:30:00,90621.72,-10.05644500000004,4,5
2025-11-29 15:00:00,90882.16,-10.94194100000005,4,5
2025-11-29 15:30:00,91063.5,-11.558497000000035,4,5
2025-11-29 16:00:00,90906.45,-11.024527000000026,4,5
2025-11-29 16:30:00,91004.03,-11.356299000000034,4,5
2025-11-29 17:00:00,90706.1,-10.343337000000055,4,5
2025-11-29 17:30:00,90421.21,-9.374711000000058,4,5
2025-11-29 18:00:00,90298.97,-8.959095000000042,4,5
2025-11-29 18:30:00,90690.84,-12.289990000000001,4,6
2025-11-29 19:00:00,90806.52,-13.273270000000068,4,6
2025-11-29 19:30:00,90640.78,-11.864480000000018,4,6
2025-11-29 20:00:00,90654.1,-11.977700000000079,4,6
2025-11-29 20:30:00,90963.29,-14.605814999999977,4,6
2025-11-29 21:00:00,90942.19,-14.426465000000052,4,6
2025-11-29 21:30:00,91008.68,-14.991629999999972,4,6
2025-11-29 22:00:00,90729.04,-12.614689999999975,4,6
2025-11-29 22:30:00,90753.02,-12.818520000000065,4,6
2025-11-29 23:00:00,90817.3,-13.364900000000056,4,6
2025-11-29 23:30:00,90802.44,-13.238590000000052,4,6
2025-11-30 00:00:00,90863.03,-13.753605000000022,4,6
